,0.0,1.0,2.0,3.0,accuracy,macro avg,weighted avg,cohen,auprc
precision,0.6372832369942196,0.0,0.0,0.6380563929774783,0.6380116959064327,0.3188349074929245,0.6311557006401513,0.09579750414636734,0.3188349074929245
recall,0.09791296625222025,0.0,0.0,0.9801144102424407,0.6380116959064327,0.26950684412366527,0.6380116959064327,0.09579750414636734,0.3188349074929245
f1-score,0.16974595842956122,0.0,0.0,0.7729323308270677,0.6380116959064327,0.23566957231415722,0.537961985772688,0.09579750414636734,0.3188349074929245
support,4504.0,103.0,21.0,7342.0,0.6380116959064327,11970.0,11970.0,0.09579750414636734,0.3188349074929245
,0.0,1.0,2.0,3.0,accuracy,macro avg,weighted avg,cohen,auprc
precision,0.6345077378992426,0.3333333333333333,0.0,0.8895299507890718,0.759983291562239,0.46434275550541193,0.7872251531766823,0.526682046626026,0.46434275550541193
recall,0.855683836589698,0.009708737864077669,0.0,0.7139743938981205,0.759983291562239,0.39484174208797407,0.759983291562239,0.526682046626026,0.46434275550541193
f1-score,0.7286821705426356,0.018867924528301886,0.0,0.7921420476010579,0.759983291562239,0.38492303566799885,0.7602201174467347,0.526682046626026,0.46434275550541193
support,4504.0,103.0,21.0,7342.0,0.759983291562239,11970.0,11970.0,0.526682046626026,0.46434275550541193
,0.0,1.0,2.0,3.0,accuracy,macro avg,weighted avg,cohen,auprc
precision,0.4752777172729253,0.0,0.0,0.9497847919655668,0.5857978279030911,0.356265627309623,0.7614010677701293,0.2714165185984093,0.356265627309623
recall,0.9689165186500888,0.0,0.0,0.36066466902751293,0.5857978279030911,0.3323952969194004,0.5857978279030911,0.2714165185984093,0.356265627309623
f1-score,0.63773198889376,0.0,0.0,0.5228035538005923,0.5857978279030911,0.2901338856735881,0.5606322949023762,0.2714165185984093,0.356265627309623
support,4504.0,103.0,21.0,7342.0,0.5857978279030911,11970.0,11970.0,0.2714165185984093,0.356265627309623
,0.0,1.0,2.0,3.0,accuracy,macro avg,weighted avg,cohen,auprc
precision,0.9757914338919925,0.0,0.0,0.6716226138032305,0.6989139515455305,0.41185351192380576,0.7791159439258858,0.26187435978458573,0.41185351192380576
recall,0.23268206039076378,0.0,0.0,0.9967311359302642,0.6989139515455305,0.307353299080257,0.6989139515455305,0.26187435978458573,0.41185351192380576
f1-score,0.3757619218357835,0.0,0.0,0.8025002741528676,0.6989139515455305,0.2945655489971628,0.6336164334819318,0.26187435978458573,0.41185351192380576
support,4504.0,103.0,21.0,7342.0,0.6989139515455305,11970.0,11970.0,0.26187435978458573,0.41185351192380576
,0.0,1.0,2.0,3.0,accuracy,macro avg,weighted avg,cohen,auprc
precision,0.7333192567567568,1.0,0.0,0.8566293377575004,0.8078529657477026,0.6474871486285643,0.8099617819756058,0.6001026477283438,0.6474871486285643
recall,0.7710923623445826,0.009708737864077669,0.0,0.8439117406701171,0.8078529657477026,0.40617821021969436,0.8078529657477026,0.6001026477283438,0.6474871486285643
f1-score,0.7517316017316018,0.01923076923076923,0.0,0.8502229845626071,0.8078529657477026,0.40529633888124456,0.8045210573173405,0.6001026477283438,0.6474871486285643
support,4504.0,103.0,21.0,7342.0,0.8078529657477026,11970.0,11970.0,0.6001026477283438,0.6474871486285643
,0.0,1.0,2.0,3.0,accuracy,macro avg,weighted avg,cohen,auprc
precision,0.9595959595959596,1.0,0.0,0.6768117286814512,0.7050125313283208,0.6591019220693527,0.7848096837092244,0.2812491693931827,0.6591019220693527
recall,0.2531083481349911,0.04854368932038835,0.0,0.9934622718605285,0.7050125313283208,0.32377857732897697,0.7050125313283208,0.2812491693931827,0.6591019220693527
f1-score,0.40056219255094866,0.09259259259259259,0.0,0.8051216954578067,0.7050125313283208,0.324569120150337,0.6453527686163514,0.2812491693931827,0.6591019220693527
support,4504.0,103.0,21.0,7342.0,0.7050125313283208,11970.0,11970.0,0.2812491693931827,0.6591019220693527
,0.0,1.0,2.0,3.0,accuracy,macro avg,weighted avg,cohen,auprc
precision,1.0,0.0,0.0,0.6174417626776554,0.6199665831244778,0.40436044066941385,0.7549922657961025,0.021032063184644678,0.40436044066941385
recall,0.017539964476021314,0.0,0.0,1.0,0.6199665831244778,0.2543849911190053,0.6199665831244778,0.021032063184644678,0.40436044066941385
f1-score,0.03447523456251364,0.0,0.0,0.7634794363853793,0.6199665831244778,0.19948866773697324,0.481265035790394,0.021032063184644678,0.40436044066941385
support,4504.0,103.0,21.0,7342.0,0.6199665831244778,11970.0,11970.0,0.021032063184644678,0.40436044066941385
,0.0,1.0,2.0,3.0,accuracy,macro avg,weighted avg,cohen,auprc
precision,0.6869416460748907,0.0,0.0,0.8670442688925324,0.7878863826232247,0.3884964787418558,0.7902944190585031,0.5678551541111478,0.3884964787418558
recall,0.8023978685612788,0.0,0.0,0.7922909289022065,0.7878863826232247,0.39867219936587134,0.7878863826232247,0.5678551541111478,0.3884964787418558
f1-score,0.740194572452637,0.0,0.0,0.8279837733969113,0.7878863826232247,0.39204458646238705,0.7863737024734169,0.5678551541111478,0.3884964787418558
support,4504.0,103.0,21.0,7342.0,0.7878863826232247,11970.0,11970.0,0.5678551541111478,0.3884964787418558
,0.0,1.0,2.0,3.0,accuracy,macro avg,weighted avg,cohen,auprc
precision,0.8712797619047619,0.0,0.0,0.6847355543007717,0.7056808688387636,0.3890038290513834,0.747833958838372,0.2878012137926339,0.3890038290513834
recall,0.2599911190053286,0.0,0.0,0.9910106238082267,0.7056808688387636,0.31275043570338884,0.7056808688387636,0.2878012137926339,0.3890038290513834
f1-score,0.40047879616963067,0.0,0.0,0.8098842386464827,0.7056808688387636,0.30259075870402835,0.6474458294144104,0.2878012137926339,0.3890038290513834
support,4504.0,103.0,21.0,7342.0,0.7056808688387636,11970.0,11970.0,0.2878012137926339,0.3890038290513834
,0.0,1.0,2.0,3.0,accuracy,macro avg,weighted avg,cohen,auprc
precision,0.39430324276950046,0.0,0.0,0.9910714285714286,0.4222222222222222,0.3463436678352323,0.7562563269845664,0.05689555352469167,0.3463436678352323
recall,0.9988898756660746,0.0,0.0,0.07559248161263961,0.4222222222222222,0.2686205893196785,0.4222222222222222,0.05689555352469167,0.3463436678352323
f1-score,0.5654141007917557,0.0,0.0,0.1404707668944571,0.4222222222222222,0.1764712169215532,0.2989107335426208,0.05689555352469167,0.3463436678352323
support,4504.0,103.0,21.0,7342.0,0.4222222222222222,11970.0,11970.0,0.05689555352469167,0.3463436678352323
,0.0,1.0,2.0,3.0,accuracy,macro avg,weighted avg,cohen,auprc
precision,0.8070896480863088,0.0,0.0,0.8303825677850687,0.8228070175438597,0.40936805396784437,0.8130159221101678,0.6179068214919133,0.40936805396784437
recall,0.6976021314387212,0.0,0.0,0.9135113048215745,0.8228070175438597,0.4027783590650739,0.8228070175438597,0.6179068214919133,0.40936805396784437
f1-score,0.7483625104203883,0.0,0.0,0.8699656268240481,0.8228070175438597,0.40458203431110906,0.8151973583187627,0.6179068214919133,0.40936805396784437
support,4504.0,103.0,21.0,7342.0,0.8228070175438597,11970.0,11970.0,0.6179068214919133,0.40936805396784437
,0.0,1.0,2.0,3.0,accuracy,macro avg,weighted avg,cohen,auprc
precision,0.8519675202998126,0.9259259259259259,0.0,0.7961331655417,0.8113617376775272,0.6435066529418596,0.8168623043615613,0.5821226594869389,0.6435066529418596
recall,0.605683836589698,0.24271844660194175,0.0,0.9478343775538001,0.8113617376775272,0.44905916518635997,0.8113617376775272,0.5821226594869389,0.6435066529418596
f1-score,0.7080197248896963,0.38461538461538464,0.0,0.8653858111048933,0.8113617376775272,0.4895052301524936,0.8005178655514372,0.5821226594869389,0.6435066529418596
support,4504.0,103.0,21.0,7342.0,0.8113617376775272,11970.0,11970.0,0.5821226594869389,0.6435066529418596
,0.0,1.0,2.0,3.0,accuracy,macro avg,weighted avg,cohen,auprc
precision,0.9118210862619809,0.0,0.0,0.7012974531475252,0.7288220551378446,0.4032796348523765,0.7732471239376016,0.35067664483628724,0.4032796348523765
recall,0.31682948490230906,0.0,0.0,0.9938708798692454,0.7288220551378446,0.3276750911928886,0.7288220551378446,0.35067664483628724,0.4032796348523765
f1-score,0.4702586917119789,0.0,0.0,0.8223361694934355,0.7288220551378446,0.3231487153013536,0.6813397914696371,0.35067664483628724,0.4032796348523765
support,4504.0,103.0,21.0,7342.0,0.7288220551378446,11970.0,11970.0,0.35067664483628724,0.4032796348523765
,0.0,1.0,2.0,3.0,accuracy,macro avg,weighted avg,cohen,auprc
precision,0.37947594574100596,0.0,0.0,1.0,0.38471177944862156,0.3448689864352515,0.756153689191102,0.01035381332543761,0.3448689864352515
recall,1.0,0.0,0.0,0.013756469626804685,0.38471177944862156,0.25343911740670116,0.38471177944862156,0.01035381332543761,0.3448689864352515
f1-score,0.5501740670616259,0.0,0.0,0.027139594249630524,0.38471177944862156,0.1443284153278141,0.22366273174823306,0.01035381332543761,0.3448689864352515
support,4504.0,103.0,21.0,7342.0,0.38471177944862156,11970.0,11970.0,0.01035381332543761,0.3448689864352515
,0.0,1.0,2.0,3.0,accuracy,macro avg,weighted avg,cohen,auprc
precision,0.875234521575985,0.0,0.0,0.7291116080504167,0.7551378446115288,0.4010865324066004,0.7765408280271008,0.4290424766552984,0.4010865324066004
recall,0.41429840142095914,0.0,0.0,0.9769817488422773,0.7551378446115288,0.3478200375658091,0.7551378446115288,0.4290424766552984,0.4010865324066004
f1-score,0.5623869801084991,0.0,0.0,0.8350407450523865,0.7551378446115288,0.3493569312902214,0.7237978369743777,0.4290424766552984,0.4010865324066004
support,4504.0,103.0,21.0,7342.0,0.7551378446115288,11970.0,11970.0,0.4290424766552984,0.4010865324066004
,0.0,1.0,2.0,3.0,accuracy,macro avg,weighted avg,cohen,auprc
precision,0.8764686136287345,0.9873417721518988,0.0,0.785794434470377,0.8096908939014202,0.6624012050627526,0.820268469189388,0.5767432051093575,0.6624012050627526
recall,0.5797069271758437,0.7572815533980582,0.0,0.9538272950149823,0.8096908939014202,0.572703943897221,0.8096908939014202,0.5767432051093575,0.6624012050627526
f1-score,0.6978484565014031,0.8571428571428571,0.0,0.8616955826258151,0.8096908939014202,0.6041717240675188,0.7984932439437568,0.5767432051093575,0.6624012050627526
support,4504.0,103.0,21.0,7342.0,0.8096908939014202,11970.0,11970.0,0.5767432051093575,0.6624012050627526
,0.0,1.0,2.0,3.0,accuracy,macro avg,weighted avg,cohen,auprc
precision,0.8769285970577682,1.0,0.0,0.7740143759529514,0.7979949874686717,0.6627357432526799,0.8133249748867801,0.5428577656045698,0.6627357432526799
recall,0.5426287744227354,0.009708737864077669,0.0,0.967992372650504,0.7979949874686717,0.38008247123432926,0.7979949874686717,0.5428577656045698,0.6627357432526799
f1-score,0.6704155808531067,0.01923076923076923,0.0,0.8602033405954974,0.7979949874686717,0.3874624226698433,0.7800455699285969,0.5428577656045698,0.6627357432526799
support,4504.0,103.0,21.0,7342.0,0.7979949874686717,11970.0,11970.0,0.5428577656045698,0.6627357432526799
,0.0,1.0,2.0,3.0,accuracy,macro avg,weighted avg,cohen,auprc
precision,0.906813627254509,0.0,0.0,0.7268899137758171,0.7568922305764411,0.4084258852575815,0.7870605116204141,0.4295501371331816,0.4084258852575815
recall,0.4018650088809947,0.0,0.0,0.9874693543993462,0.7568922305764411,0.34733359082008525,0.7568922305764411,0.4295501371331816,0.4084258852575815
f1-score,0.556923076923077,0.0,0.0,0.8373758373758374,0.7568922305764411,0.3485747285747286,0.7231741801566364,0.4295501371331816,0.4084258852575815
support,4504.0,103.0,21.0,7342.0,0.7568922305764411,11970.0,11970.0,0.4295501371331816,0.4084258852575815
,0.0,1.0,2.0,3.0,accuracy,macro avg,weighted avg,cohen,auprc
precision,0.8266590389016019,0.0,0.0,0.8087089922114704,0.8139515455304929,0.40884200777826807,0.8070855248144887,0.5918910522678247,0.40884200777826807
recall,0.6416518650088809,0.0,0.0,0.9333968945791338,0.8139515455304929,0.3937621898970037,0.8139515455304929,0.5918910522678247,0.40884200777826807
f1-score,0.7225,0.0,0.0,0.866590794132524,0.8139515455304929,0.397272698533131,0.8033959574370085,0.5918910522678247,0.40884200777826807
support,4504.0,103.0,21.0,7342.0,0.8139515455304929,11970.0,11970.0,0.5918910522678247,0.40884200777826807
,0.0,1.0,2.0,3.0,accuracy,macro avg,weighted avg,cohen,auprc
precision,0.6615678776290631,0.0,0.0,0.8875663503297411,0.7789473684210526,0.38728355698970107,0.7933344916426281,0.5584108086068722,0.38728355698970107
recall,0.8450266429840142,0.0,0.0,0.7515663307000817,0.7789473684210526,0.39914824342102395,0.7789473684210526,0.5584108086068722,0.38728355698970107
f1-score,0.7421273276786585,0.0,0.0,0.8139243307028542,0.7789473684210526,0.3890129145953782,0.778477353373854,0.5584108086068722,0.38728355698970107
support,4504.0,103.0,21.0,7342.0,0.7789473684210526,11970.0,11970.0,0.5584108086068722,0.38728355698970107
,0.0,1.0,2.0,3.0,accuracy,macro avg,weighted avg,cohen,auprc
precision,0.9225352112676056,0.0,0.0,0.7022482705611068,0.7309941520467836,0.4061958704571781,0.7778617705938966,0.35578597240225973,0.4061958704571781
recall,0.31993783303730017,0.0,0.0,0.9955053119041133,0.7309941520467836,0.32886078623535336,0.7309941520467836,0.35578597240225973,0.4061958704571781
f1-score,0.4751071546323771,0.0,0.0,0.8235492957746479,0.7309941520467836,0.32466411260175626,0.6839082334203584,0.35578597240225973,0.4061958704571781
support,4504.0,103.0,21.0,7342.0,0.7309941520467836,11970.0,11970.0,0.35578597240225973,0.4061958704571781
,0.0,1.0,2.0,3.0,accuracy,macro avg,weighted avg,cohen,auprc
precision,0.864406779661017,0.0,0.0,0.7537368811618785,0.7771929824561403,0.40453591520572385,0.7875709538081648,0.49000902053616935,0.40453591520572385
recall,0.48690053285968027,0.0,0.0,0.9684009806592209,0.7771929824561403,0.3638253783797253,0.7771929824561403,0.49000902053616935,0.40453591520572385
f1-score,0.6229228802726886,0.0,0.0,0.8476900149031297,0.7771929824561403,0.3676532237939546,0.7543345649262295,0.49000902053616935,0.40453591520572385
support,4504.0,103.0,21.0,7342.0,0.7771929824561403,11970.0,11970.0,0.49000902053616935,0.40453591520572385
,0.0,1.0,2.0,3.0,accuracy,macro avg,weighted avg,cohen,auprc
precision,0.6807765754296626,0.9504950495049505,0.0,0.7262518620373554,0.7162071846282373,0.5893808717429921,0.7097961451054697,0.37486500753052154,0.5893808717429921
recall,0.47491119005328597,0.9320388349514563,0.0,0.8632525197493871,0.7162071846282373,0.5675506361885324,0.7162071846282373,0.37486500753052154,0.5893808717429921
f1-score,0.5595082396024066,0.9411764705882353,0.0,0.7888480926006597,0.7162071846282373,0.5723832006978254,0.7024802826661547,0.37486500753052154,0.5893808717429921
support,4504.0,103.0,21.0,7342.0,0.7162071846282373,11970.0,11970.0,0.37486500753052154,0.5893808717429921
,0.0,1.0,2.0,3.0,accuracy,macro avg,weighted avg,cohen,auprc
precision,0.6739434159972058,0.0,0.0,0.8962203715566944,0.7898913951545531,0.3925409468884751,0.803299174070231,0.579824420509129,0.3925409468884751
recall,0.8567939609236235,0.0,0.0,0.7621901389267229,0.7898913951545531,0.4047460249625866,0.7898913951545531,0.579824420509129,0.3925409468884751
f1-score,0.7544477028347997,0.0,0.0,0.8237891947593111,0.7898913951545531,0.3945592243985277,0.7891639700493567,0.579824420509129,0.3925409468884751
support,4504.0,103.0,21.0,7342.0,0.7898913951545531,11970.0,11970.0,0.579824420509129,0.3925409468884751
,0.0,1.0,2.0,3.0,accuracy,macro avg,weighted avg,cohen,auprc
precision,0.903440187646599,0.9895833333333334,0.0,0.7625590382138256,0.7944862155388471,0.6638956397984395,0.8161846405229343,0.5351948522050898,0.6638956397984395
recall,0.5130994671403197,0.9223300970873787,0.0,0.967583764641787,0.7944862155388471,0.6007533322173714,0.7944862155388471,0.5351948522050898,0.6638956397984395
f1-score,0.654488813367318,0.9547738693467336,0.0,0.8529235202305199,0.7944862155388471,0.6155465507361428,0.777637745153015,0.5351948522050898,0.6638956397984395
support,4504.0,103.0,21.0,7342.0,0.7944862155388471,11970.0,11970.0,0.5351948522050898,0.6638956397984395
,0.0,1.0,2.0,3.0,accuracy,macro avg,weighted avg,cohen,auprc
precision,0.7016719894796167,0.0,0.0,0.8838573792688431,0.8028404344193818,0.396382342187115,0.8061496674359264,0.5993239176184375,0.396382342187115
recall,0.8292628774422736,0.0,0.0,0.8001906837374012,0.8028404344193818,0.4073633902949187,0.8028404344193818,0.5993239176184375,0.396382342187115
f1-score,0.7601506054747126,0.0,0.0,0.8399456715991135,0.8028404344193818,0.4000240692684565,0.8012196698361567,0.5993239176184375,0.396382342187115
support,4504.0,103.0,21.0,7342.0,0.8028404344193818,11970.0,11970.0,0.5993239176184375,0.396382342187115
,0.0,1.0,2.0,3.0,accuracy,macro avg,weighted avg,cohen,auprc
precision,0.92,1.0,0.0,0.7195819365016762,0.7502088554720133,0.659895484125419,0.7961445762569179,0.40938371018676833,0.659895484125419
recall,0.3727797513321492,0.02912621359223301,0.0,0.9940070825388178,0.7502088554720133,0.3489782618658,0.7502088554720133,0.40938371018676833,0.659895484125419
f1-score,0.5305735503239059,0.05660377358490566,0.0,0.834820407229467,0.7502088554720133,0.35549943278456964,0.7121791887399218,0.40938371018676833,0.659895484125419
support,4504.0,103.0,21.0,7342.0,0.7502088554720133,11970.0,11970.0,0.40938371018676833,0.659895484125419
,0.0,1.0,2.0,3.0,accuracy,macro avg,weighted avg,cohen,auprc
precision,0.906398537477148,1.0,0.0,0.7772320454049334,0.8081035923141187,0.6709076457205203,0.8263873592447866,0.5682814676912377,0.6709076457205203
recall,0.5503996447602132,0.7087378640776699,0.0,0.9698992100245165,0.8081035923141187,0.5572591797155999,0.8081035923141187,0.5682814676912377,0.6709076457205203
f1-score,0.6849012294515817,0.8295454545454545,0.0,0.8629423170140571,0.8081035923141187,0.5943472502527734,0.7941487728308532,0.5682814676912377,0.6709076457205203
support,4504.0,103.0,21.0,7342.0,0.8081035923141187,11970.0,11970.0,0.5682814676912377,0.6709076457205203
,0.0,1.0,2.0,3.0,accuracy,macro avg,weighted avg,cohen,auprc
precision,0.5943382460236393,0.0,0.0,0.915168100078186,0.7314118629908104,0.37737658652545636,0.7849677235475784,0.48587978447899083,0.37737658652545636
recall,0.9043072824156305,0.0,0.0,0.6377008989376192,0.7314118629908104,0.38550204533831245,0.7314118629908104,0.48587978447899083,0.37737658652545636
f1-score,0.7172668838601743,0.0,0.0,0.7516455289773639,0.7314118629908104,0.3672281032093846,0.730923268058315,0.48587978447899083,0.37737658652545636
support,4504.0,103.0,21.0,7342.0,0.7314118629908104,11970.0,11970.0,0.48587978447899083,0.37737658652545636
,0.0,1.0,2.0,3.0,accuracy,macro avg,weighted avg,cohen,auprc
precision,0.8205195486748885,1.0,0.0,0.8291568942105912,0.827234753550543,0.6624191107213699,0.8259223028008236,0.6285009869037157,0.6624191107213699
recall,0.6942717584369449,0.5631067961165048,0.0,0.9148733315172978,0.827234753550543,0.5430629715176869,0.827234753550543,0.6285009869037157,0.6624191107213699
f1-score,0.7521346963319302,0.7204968944099379,0.0,0.8699086964967947,0.827234753550543,0.5856350718096657,0.8227815791213621,0.6285009869037157,0.6624191107213699
support,4504.0,103.0,21.0,7342.0,0.827234753550543,11970.0,11970.0,0.6285009869037157,0.6624191107213699
,0.0,1.0,2.0,3.0,accuracy,macro avg,weighted avg,cohen,auprc
precision,0.8644688644688645,0.8547008547008547,0.0,0.8051766351871283,0.8218880534670009,0.6310865885892118,0.8265003182243817,0.6106272414550246,0.6310865885892118
recall,0.6287744227353463,0.970873786407767,0.0,0.9406156360664669,0.8218880534670009,0.635065961302395,0.8218880534670009,0.6106272414550246,0.6310865885892118
f1-score,0.7280205655526993,0.909090909090909,0.0,0.8676424398517494,0.8218880534670009,0.6261884786238394,0.8139408341083763,0.6106272414550246,0.6310865885892118
support,4504.0,103.0,21.0,7342.0,0.8218880534670009,11970.0,11970.0,0.6106272414550246,0.6310865885892118
,0.0,1.0,2.0,3.0,accuracy,macro avg,weighted avg,cohen,auprc
precision,0.8260270195754067,0.0,0.0,0.8180510607695074,0.8204678362573099,0.41101952008622855,0.8125778265945994,0.6084137535323555,0.41101952008622855
recall,0.6651865008880995,0.0,0.0,0.9295832198311087,0.8204678362573099,0.39869243017980205,0.8204678362573099,0.6084137535323555,0.41101952008622855
f1-score,0.736932726601894,0.0,0.0,0.8702582084794389,0.8204678362573099,0.40179773377033323,0.8110760874913092,0.6084137535323555,0.41101952008622855
support,4504.0,103.0,21.0,7342.0,0.8204678362573099,11970.0,11970.0,0.6084137535323555,0.41101952008622855
,0.0,1.0,2.0,3.0,accuracy,macro avg,weighted avg,cohen,auprc
precision,0.7794427534535238,0.875,0.0,0.8465739175659862,0.822639933166249,0.6252541677548775,0.8200735893336794,0.6239456897305663,0.6252541677548775
recall,0.7391207815275311,0.06796116504854369,0.0,0.8868155815853991,0.822639933166249,0.42347438204036847,0.822639933166249,0.6239456897305663,0.6252541677548775
f1-score,0.7587464387464387,0.12612612612612614,0.0,0.8662276325417415,0.822639933166249,0.4377750493535766,0.8178970951734684,0.6239456897305663,0.6252541677548775
support,4504.0,103.0,21.0,7342.0,0.822639933166249,11970.0,11970.0,0.6239456897305663,0.6252541677548775
,0.0,1.0,2.0,3.0,accuracy,macro avg,weighted avg,cohen,auprc
precision,0.7288985823336969,0.0,0.0,0.8417061611374408,0.7984962406015037,0.3926511858677844,0.7905401712533051,0.5779579382304095,0.3926511858677844
recall,0.7420071047957372,0.0,0.0,0.8466357940615636,0.7984962406015037,0.3971607247143252,0.7984962406015037,0.5779579382304095,0.3926511858677844
f1-score,0.7353944328308946,0.0,0.0,0.8441637808107557,0.7984962406015037,0.39488955341041254,0.7944918132149472,0.5779579382304095,0.3926511858677844
support,4504.0,103.0,21.0,7342.0,0.7984962406015037,11970.0,11970.0,0.5779579382304095,0.3926511858677844
,0.0,1.0,2.0,3.0,accuracy,macro avg,weighted avg,cohen,auprc
precision,0.8253924538694575,0.0,0.0,0.8182036215373546,0.8203842940685045,0.410899018851703,0.8124326317088799,0.6082992255114301,0.410899018851703
recall,0.6654085257548845,0.0,0.0,0.9293108144919641,0.8203842940685045,0.3986798350617121,0.8203842940685045,0.6082992255114301,0.410899018851703
f1-score,0.7368162261831592,0.0,0.0,0.8702251131943116,0.8203842940685045,0.4017603348443677,0.8110119518631231,0.6082992255114301,0.410899018851703
support,4504.0,103.0,21.0,7342.0,0.8203842940685045,11970.0,11970.0,0.6082992255114301,0.410899018851703
,0.0,1.0,2.0,3.0,accuracy,macro avg,weighted avg,cohen,auprc
precision,0.8608903020667726,0.0,0.0,0.7495240110006347,0.7729323308270677,0.40260357826685184,0.7836637601733838,0.4797613492101259,0.40260357826685184
recall,0.4809058614564831,0.0,0.0,0.9651321165894852,0.7729323308270677,0.36150949451149206,0.7729323308270677,0.4797613492101259,0.40260357826685184
f1-score,0.617094017094017,0.0,0.0,0.843772326744463,0.7729323308270677,0.36521658595962003,0.7497383355011947,0.4797613492101259,0.40260357826685184
support,4504.0,103.0,21.0,7342.0,0.7729323308270677,11970.0,11970.0,0.4797613492101259,0.40260357826685184
,0.0,1.0,2.0,3.0,accuracy,macro avg,weighted avg,cohen,auprc
precision,0.8206476612233601,0.0,0.0,0.8150053847074309,0.8167084377610694,0.40891326148269774,0.8086855973827879,0.599971997317811,0.40891326148269774
recall,0.658303730017762,0.0,0.0,0.9276763824570962,0.8167084377610694,0.3964950281187145,0.8167084377610694,0.599971997317811,0.40891326148269774
f1-score,0.7305654798570901,0.0,0.0,0.8676985795273584,0.8167084377610694,0.3995660148461121,0.8071102666805512,0.599971997317811,0.40891326148269774
support,4504.0,103.0,21.0,7342.0,0.8167084377610694,11970.0,11970.0,0.599971997317811,0.40891326148269774
,0.0,1.0,2.0,3.0,accuracy,macro avg,weighted avg,cohen,auprc
precision,0.5724204971531732,0.0,0.0,0.9194799748374921,0.7106934001670844,0.37297511799766636,0.7793654047146834,0.45338067699227447,0.37297511799766636
recall,0.9151865008880995,0.0,0.0,0.5972487060746391,0.7106934001670844,0.3781088017406846,0.7106934001670844,0.45338067699227447,0.37297511799766636
f1-score,0.7043143955574541,0.0,0.0,0.7241350838081083,0.7106934001670844,0.3571123698413906,0.7091755908863746,0.45338067699227447,0.37297511799766636
support,4504.0,103.0,21.0,7342.0,0.7106934001670844,11970.0,11970.0,0.45338067699227447,0.37297511799766636
,0.0,1.0,2.0,3.0,accuracy,macro avg,weighted avg,cohen,auprc
precision,0.6243819530284301,0.015384615384615385,0.0,0.9142278667402908,0.7526315789473684,0.3884986087883341,0.7958280642800233,0.5225559411271987,0.3884986087883341
recall,0.897202486678508,0.009708737864077669,0.0,0.6765186597657314,0.7526315789473684,0.39585747107707925,0.7526315789473684,0.5225559411271987,0.3884986087883341
f1-score,0.7363338192419825,0.011904761904761904,0.0,0.7776125244618396,0.7526315789473684,0.381462776402146,0.7541273907218802,0.5225559411271987,0.3884986087883341
support,4504.0,103.0,21.0,7342.0,0.7526315789473684,11970.0,11970.0,0.5225559411271987,0.3884986087883341
,0.0,1.0,2.0,3.0,accuracy,macro avg,weighted avg,cohen,auprc
precision,0.8394683026584867,0.6,0.0,0.7733362861255675,0.7894736842105263,0.5532011471960135,0.795371783450939,0.5269075005543832,0.5532011471960135
recall,0.5468472468916519,0.02912621359223301,0.0,0.9512394442931081,0.7894736842105263,0.3818032261942482,0.7894736842105263,0.5269075005543832,0.5532011471960135
f1-score,0.6622748050551224,0.05555555555555556,0.0,0.8531118304525744,0.7894736842105263,0.3927355477658131,0.7729452801481449,0.5269075005543832,0.5532011471960135
support,4504.0,103.0,21.0,7342.0,0.7894736842105263,11970.0,11970.0,0.5269075005543832,0.5532011471960135
,0.0,1.0,2.0,3.0,accuracy,macro avg,weighted avg,cohen,auprc
precision,0.841716396703609,0.26344086021505375,0.0,0.8226265626934026,0.8108604845446951,0.48194595490301634,0.8235546602046923,0.6019201201463226,0.48194595490301634
recall,0.6576376554174067,0.9514563106796117,0.0,0.9052029419776627,0.8108604845446951,0.6285742270186703,0.8108604845446951,0.6019201201463226,0.48194595490301634
f1-score,0.7383771656487598,0.4126315789473684,0.0,0.8619415083327929,0.8108604845446951,0.5032375632322302,0.810069035997741,0.6019201201463226,0.48194595490301634
support,4504.0,103.0,21.0,7342.0,0.8108604845446951,11970.0,11970.0,0.6019201201463226,0.48194595490301634
,0.0,1.0,2.0,3.0,accuracy,macro avg,weighted avg,cohen,auprc
precision,0.6622039134912462,0.0,0.0,0.8943684895833334,0.7813700918964077,0.3891431007686449,0.7977460214607691,0.564508508863201,0.3891431007686449
recall,0.8565719360568383,0.0,0.0,0.7484336692999183,0.7813700918964077,0.40125140133918913,0.7813700918964077,0.564508508863201,0.3891431007686449
f1-score,0.7469506292352373,0.0,0.0,0.8149191754411983,0.7813700918964077,0.39046745116910886,0.7809024411165235,0.564508508863201,0.3891431007686449
support,4504.0,103.0,21.0,7342.0,0.7813700918964077,11970.0,11970.0,0.564508508863201,0.3891431007686449
,0.0,1.0,2.0,3.0,accuracy,macro avg,weighted avg,cohen,auprc
precision,0.7020074059637498,0.12287104622871046,0.0,0.8853249127472163,0.7543859649122807,0.42755084123491915,0.8082332985473976,0.5363973123959516,0.42755084123491915
recall,0.7997335701598579,0.9805825242718447,0.0,0.7255516208117679,0.7543859649122807,0.6264669288108676,0.7543859649122807,0.5363973123959516,0.42755084123491915
f1-score,0.7476907109496628,0.2183783783783784,0.0,0.7975147840407215,0.7543859649122807,0.4408959683421907,0.7723847518393677,0.5363973123959516,0.42755084123491915
support,4504.0,103.0,21.0,7342.0,0.7543859649122807,11970.0,11970.0,0.5363973123959516,0.42755084123491915
,0.0,1.0,2.0,3.0,accuracy,macro avg,weighted avg,cohen,auprc
precision,0.7596278667243618,0.45901639344262296,0.0,0.8649650061753809,0.8222222222222222,0.5209023165855914,0.8203187698906234,0.6306025692479875,0.5209023165855914
recall,0.7795293072824157,0.27184466019417475,0.0,0.8584854263143558,0.8222222222222222,0.4774648484477365,0.8222222222222222,0.6306025692479875,0.5209023165855914
f1-score,0.7694499232960773,0.34146341463414637,0.0,0.8617130357509057,0.8222222222222222,0.49315659342028234,0.8210083788401003,0.6306025692479875,0.5209023165855914
support,4504.0,103.0,21.0,7342.0,0.8222222222222222,11970.0,11970.0,0.6306025692479875,0.5209023165855914
,0.0,1.0,2.0,3.0,accuracy,macro avg,weighted avg,cohen,auprc
precision,0.8934557063048684,0.0,0.0,0.7588757396449705,0.7870509607351712,0.4130828614874597,0.801653315093609,0.5118872764752599,0.4130828614874597
recall,0.49711367673179396,0.0,0.0,0.9782075728684282,0.7870509607351712,0.36883031240005554,0.7870509607351712,0.5118872764752599,0.4130828614874597
f1-score,0.6388017118402283,0.0,0.0,0.8546947518743306,0.7870509607351712,0.3733741159286397,0.7646058294394088,0.5118872764752599,0.4130828614874597
support,4504.0,103.0,21.0,7342.0,0.7870509607351712,11970.0,11970.0,0.5118872764752599,0.4130828614874597
,0.0,1.0,2.0,3.0,accuracy,macro avg,weighted avg,cohen,auprc
precision,0.6700446581930608,1.0,0.0,0.9013832384052075,0.7888888888888889,0.6428569741495671,0.813603749112162,0.5795458748667828,0.6428569741495671
recall,0.8661190053285968,0.02912621359223301,0.0,0.7544265867611005,0.7888888888888889,0.41241795142048254,0.7888888888888889,0.5795458748667828,0.6428569741495671
f1-score,0.7555684679449931,0.05660377358490566,0.0,0.8213835545339957,0.7888888888888889,0.4083889490159736,0.7885972118372675,0.5795458748667828,0.6428569741495671
support,4504.0,103.0,21.0,7342.0,0.7888888888888889,11970.0,11970.0,0.5795458748667828,0.6428569741495671
,0.0,1.0,2.0,3.0,accuracy,macro avg,weighted avg,cohen,auprc
precision,0.7103053435114504,0.0,0.0,0.8830609212481426,0.8074352548036758,0.39834156618989824,0.8089096533817406,0.6073498597091034,0.39834156618989824
recall,0.8263765541740675,0.0,0.0,0.8094524652683193,0.8074352548036758,0.4089572548605967,0.8074352548036758,0.6073498597091034,0.39834156618989824
f1-score,0.7639573070607554,0.0,0.0,0.8446560545764639,0.8074352548036758,0.40215334040930484,0.8055412250377645,0.6073498597091034,0.39834156618989824
support,4504.0,103.0,21.0,7342.0,0.8074352548036758,11970.0,11970.0,0.6073498597091034,0.39834156618989824
,0.0,1.0,2.0,3.0,accuracy,macro avg,weighted avg,cohen,auprc
precision,0.6171945701357466,0.6,0.0,0.922211808809747,0.7531328320802005,0.5348515947363734,0.8030512484688861,0.5236136585539297,0.5348515947363734
recall,0.9085257548845471,0.02912621359223301,0.0,0.6701171342958322,0.7531328320802005,0.4019422756931531,0.7531328320802005,0.5236136585539297,0.5348515947363734
f1-score,0.7350458056403809,0.05555555555555556,0.0,0.7762088822276564,0.7531328320802005,0.3917025608558982,0.7531574055256433,0.5236136585539297,0.5348515947363734
support,4504.0,103.0,21.0,7342.0,0.7531328320802005,11970.0,11970.0,0.5236136585539297,0.5348515947363734
,0.0,1.0,2.0,3.0,accuracy,macro avg,weighted avg,cohen,auprc
precision,0.796236692250557,1.0,0.0,0.8367810292633703,0.8231411862990811,0.6582544303784819,0.8214616857767898,0.6211139456243835,0.6582544303784819
recall,0.7140319715808171,0.02912621359223301,0.0,0.9035685099427949,0.8231411862990811,0.41168167377896125,0.8231411862990811,0.6211139456243835,0.6582544303784819
f1-score,0.7528971087440008,0.05660377358490566,0.0,0.8688932547478716,0.8231411862990811,0.4195985342691945,0.8167329191997575,0.6211139456243835,0.6582544303784819
support,4504.0,103.0,21.0,7342.0,0.8231411862990811,11970.0,11970.0,0.6211139456243835,0.6582544303784819
,0.0,1.0,2.0,3.0,accuracy,macro avg,weighted avg,cohen,auprc
precision,0.7065155807365439,0.0,0.0,0.8850936329588015,0.8060985797827903,0.39790230342383637,0.8087304618898007,0.6055006242867348,0.39790230342383637
recall,0.830595026642984,0.0,0.0,0.8046853718332879,0.8060985797827903,0.40882009961906796,0.8060985797827903,0.6055006242867348,0.39790230342383637
f1-score,0.7635473007449739,0.0,0.0,0.8429763858172219,0.8060985797827903,0.4016309216405489,0.8043566973454808,0.6055006242867348,0.39790230342383637
support,4504.0,103.0,21.0,7342.0,0.8060985797827903,11970.0,11970.0,0.6055006242867348,0.39790230342383637
,0.0,1.0,2.0,3.0,accuracy,macro avg,weighted avg,cohen,auprc
precision,0.6335424232419941,0.5,0.0,0.8870640027091093,0.758563074352548,0.5051516064877759,0.7867835406994338,0.5237260515501465,0.5051516064877759
recall,0.8521314387211367,0.02912621359223301,0.0,0.7135657858894034,0.758563074352548,0.39870585955069326,0.758563074352548,0.5237260515501465,0.5051516064877759
f1-score,0.726756296156031,0.05504587155963303,0.0,0.7909118357487923,0.758563074352548,0.39317850086611406,0.7590521955492933,0.5237260515501465,0.5051516064877759
support,4504.0,103.0,21.0,7342.0,0.758563074352548,11970.0,11970.0,0.5237260515501465,0.5051516064877759
,0.0,1.0,2.0,3.0,accuracy,macro avg,weighted avg,cohen,auprc
precision,0.5758875739644971,0.0,0.0,0.882725527831094,0.7094402673350042,0.3646532754488978,0.7581260199224717,0.44180046563489017,0.3646532754488978
recall,0.8643428063943162,0.0,0.0,0.6263960773631163,0.7094402673350042,0.3726847209393581,0.7094402673350042,0.44180046563489017,0.3646532754488978
f1-score,0.6912286931818182,0.0,0.0,0.732791586998088,0.7094402673350042,0.35600507004497656,0.7095613922999893,0.44180046563489017,0.3646532754488978
support,4504.0,103.0,21.0,7342.0,0.7094402673350042,11970.0,11970.0,0.44180046563489017,0.3646532754488978
,0.0,1.0,2.0,3.0,accuracy,macro avg,weighted avg,cohen,auprc
precision,0.7348743718592965,0.0,0.0,0.8780557541100786,0.818546365914787,0.4032325314923438,0.8150843373041328,0.626003201267733,0.4032325314923438
recall,0.8117229129662522,0.0,0.0,0.8365567965132117,0.818546365914787,0.412069927369866,0.818546365914787,0.626003201267733,0.4032325314923438
f1-score,0.7713893870661461,0.0,0.0,0.856804073376578,0.818546365914787,0.40704836511068104,0.8157889144592112,0.626003201267733,0.4032325314923438
support,4504.0,103.0,21.0,7342.0,0.818546365914787,11970.0,11970.0,0.626003201267733,0.4032325314923438
,0.0,1.0,2.0,3.0,accuracy,macro avg,weighted avg,cohen,auprc
precision,0.8403438747313479,0.0,0.0,0.7963961896017445,0.8083542188805347,0.40918501608327307,0.8046825092603175,0.5752017859508136,0.40918501608327307
recall,0.6076820603907638,0.0,0.0,0.9451103241623536,0.8083542188805347,0.3881980961382794,0.8083542188805347,0.5752017859508136,0.40918501608327307
f1-score,0.705321479190826,0.0,0.0,0.8644036125817502,0.8083542188805347,0.39243127294314406,0.7955905819424135,0.5752017859508136,0.40918501608327307
support,4504.0,103.0,21.0,7342.0,0.8083542188805347,11970.0,11970.0,0.5752017859508136,0.40918501608327307
,0.0,1.0,2.0,3.0,accuracy,macro avg,weighted avg,cohen,auprc
precision,0.6406046814044213,0.0,0.0,0.9027157098659333,0.7680033416875522,0.38583009781758865,0.7947386989875685,0.5437514350119528,0.38583009781758865
recall,0.875,0.0,0.0,0.7153364205938436,0.7680033416875522,0.3975841051484609,0.7680033416875522,0.5437514350119528,0.38583009781758865
f1-score,0.7396771771771771,0.0,0.0,0.7981762917933132,0.7680033416875522,0.38446336724262253,0.7678961019509198,0.5437514350119528,0.38583009781758865
support,4504.0,103.0,21.0,7342.0,0.7680033416875522,11970.0,11970.0,0.5437514350119528,0.38583009781758865
,0.0,1.0,2.0,3.0,accuracy,macro avg,weighted avg,cohen,auprc
precision,0.7827437858508605,0.0,0.0,0.8413819676342152,0.8208855472013367,0.4060314383712689,0.8106018728356462,0.6185050658711304,0.4060314383712689
recall,0.7271314387211367,0.0,0.0,0.8922636883682921,0.8208855472013367,0.40484878177235717,0.8208855472013367,0.6185050658711304,0.4060314383712689
f1-score,0.7539134438305709,0.0,0.0,0.8660761501850872,0.8208855472013367,0.40499739850391453,0.8149003546927154,0.6185050658711304,0.4060314383712689
support,4504.0,103.0,21.0,7342.0,0.8208855472013367,11970.0,11970.0,0.6185050658711304,0.4060314383712689
,0.0,1.0,2.0,3.0,accuracy,macro avg,weighted avg,cohen,auprc
precision,0.6225467106296122,0.0391304347826087,0.0,0.898074304609998,0.7184628237259816,0.38993786250555473,0.7854337814456965,0.47476978625724364,0.38993786250555473
recall,0.8803285968028419,0.17475728155339806,0.0,0.6288477254154181,0.7184628237259816,0.42098340094291453,0.7184628237259816,0.47476978625724364,0.38993786250555473
f1-score,0.7293295318679298,0.06394316163410303,0.0,0.7397260273972601,0.7184628237259816,0.38324968022482325,0.7287013241714412,0.47476978625724364,0.38993786250555473
support,4504.0,103.0,21.0,7342.0,0.7184628237259816,11970.0,11970.0,0.47476978625724364,0.38993786250555473
,0.0,1.0,2.0,3.0,accuracy,macro avg,weighted avg,cohen,auprc
precision,0.8615084525357607,1.0,0.0,0.7905040504050405,0.8088554720133667,0.6630031257352003,0.8176369931741748,0.5732080466780557,0.6630031257352003
recall,0.5883658969804618,0.05825242718446602,0.0,0.9569599564151458,0.8088554720133667,0.4008945701450184,0.8088554720133667,0.5732080466780557,0.6630031257352003
f1-score,0.6992084432717678,0.11009174311926606,0.0,0.8658040665434381,0.8088554720133667,0.418776063233618,0.795096719682477,0.5732080466780557,0.6630031257352003
support,4504.0,103.0,21.0,7342.0,0.8088554720133667,11970.0,11970.0,0.5732080466780557,0.6630031257352003
,0.0,1.0,2.0,3.0,accuracy,macro avg,weighted avg,cohen,auprc
precision,0.7424463429881225,0.0,0.0,0.868219216287826,0.8177944862155389,0.4026663898189871,0.8119000680704864,0.621735584602236,0.4026663898189871
recall,0.7910746003552398,0.0,0.0,0.8479978207572868,0.8177944862155389,0.4097681052781317,0.8177944862155389,0.621735584602236,0.4026663898189871
f1-score,0.7659894657637321,0.0,0.0,0.8579893888238131,0.8177944862155389,0.40599471364688633,0.814484097455663,0.621735584602236,0.4026663898189871
support,4504.0,103.0,21.0,7342.0,0.8177944862155389,11970.0,11970.0,0.621735584602236,0.4026663898189871
,0.0,1.0,2.0,3.0,accuracy,macro avg,weighted avg,cohen,auprc
precision,0.7035225048923679,0.0,0.0,0.8669096209912537,0.7971595655806182,0.3926080314709054,0.7964507768883049,0.5842140998756211,0.3926080314709054
recall,0.7981793960923623,0.0,0.0,0.8099972759466085,0.7971595655806182,0.40204416800974274,0.7971595655806182,0.5842140998756211,0.3926080314709054
f1-score,0.7478676929477844,0.0,0.0,0.8374876777918603,0.7971595655806182,0.39633884268491115,0.79509027730866,0.5842140998756211,0.3926080314709054
support,4504.0,103.0,21.0,7342.0,0.7971595655806182,11970.0,11970.0,0.5842140998756211,0.3926080314709054
,0.0,1.0,2.0,3.0,accuracy,macro avg,weighted avg,cohen,auprc
precision,0.7281514297221103,0.40384615384615385,0.0,0.8721231300345225,0.810359231411863,0.5010301784006966,0.8123908282395992,0.6110916074141681,0.5010301784006966
recall,0.8028419182948491,0.20388349514563106,0.0,0.8257967856169981,0.810359231411863,0.45813054976436957,0.810359231411863,0.6110916074141681,0.5010301784006966
f1-score,0.763674762407603,0.27096774193548384,0.0,0.8483279697775291,0.810359231411863,0.470742618530154,0.8100187770601353,0.6110916074141681,0.5010301784006966
support,4504.0,103.0,21.0,7342.0,0.810359231411863,11970.0,11970.0,0.6110916074141681,0.5010301784006966
,0.0,1.0,2.0,3.0,accuracy,macro avg,weighted avg,cohen,auprc
precision,0.7362090418913314,0.4482758620689655,0.0,0.8650211565585332,0.8111111111111111,0.5123765151297075,0.8114488947305272,0.6105978922175002,0.5123765151297075
recall,0.7881882770870338,0.2524271844660194,0.0,0.8353309724870608,0.8111111111111111,0.4689866085100285,0.8111111111111111,0.6105978922175002,0.5123765151297075
f1-score,0.7613124597898349,0.32298136645962733,0.0,0.8499168514412418,0.8111111111111111,0.483552669422676,0.8105520403442233,0.6105978922175002,0.5123765151297075
support,4504.0,103.0,21.0,7342.0,0.8111111111111111,11970.0,11970.0,0.6105978922175002,0.5123765151297075
,0.0,1.0,2.0,3.0,accuracy,macro avg,weighted avg,cohen,auprc
precision,0.7549214775492148,0.5,0.0,0.8524149064980492,0.8151211361737678,0.526834096011816,0.8112027216700368,0.612405302373528,0.526834096011816
recall,0.7577708703374778,0.07766990291262135,0.0,0.8629801144102425,0.8151211361737678,0.42460522191508543,0.8151211361737678,0.612405302373528,0.526834096011816
f1-score,0.756343490304709,0.13445378151260504,0.0,0.8576649746192894,0.8151211361737678,0.4371155616091509,0.8118125366318322,0.612405302373528,0.526834096011816
support,4504.0,103.0,21.0,7342.0,0.8151211361737678,11970.0,11970.0,0.612405302373528,0.526834096011816
,0.0,1.0,2.0,3.0,accuracy,macro avg,weighted avg,cohen,auprc
precision,0.785921625544267,0.45454545454545453,0.0,0.838594249201278,0.8200501253132833,0.5197653323227499,0.813999010936119,0.6163705913491064,0.5197653323227499
recall,0.7213587921847247,0.04854368932038835,0.0,0.8937619177335876,0.8200501253132833,0.41591609980967514,0.8200501253132833,0.6163705913491064,0.5197653323227499
f1-score,0.7522574670062515,0.08771929824561403,0.0,0.865299663743654,0.8200501253132833,0.4263191072488799,0.8145557936776409,0.6163705913491064,0.5197653323227499
support,4504.0,103.0,21.0,7342.0,0.8200501253132833,11970.0,11970.0,0.6163705913491064,0.5197653323227499
,0.0,1.0,2.0,3.0,accuracy,macro avg,weighted avg,cohen,auprc
precision,0.7192841343253569,0.22580645161290322,0.0,0.8659201837496411,0.8033416875522139,0.4527526924219753,0.8037176102428907,0.5959360001197678,0.4527526924219753
recall,0.7941829484902309,0.06796116504854369,0.0,0.821574502860256,0.8033416875522139,0.42092965409975763,0.8033416875522139,0.5959360001197678,0.4527526924219753
f1-score,0.7548802363617179,0.1044776119402985,0.0,0.8431646631255242,0.8033416875522139,0.4256306278568851,0.8021100029465853,0.5959360001197678,0.4527526924219753
support,4504.0,103.0,21.0,7342.0,0.8033416875522139,11970.0,11970.0,0.5959360001197678,0.4527526924219753
,0.0,1.0,2.0,3.0,accuracy,macro avg,weighted avg,cohen,auprc
precision,0.6980132450331126,0.24,0.0,0.8768768768768769,0.7965747702589808,0.45372253047749733,0.8025565318011001,0.5870189374110945,0.45372253047749733
recall,0.8190497335701599,0.05825242718446602,0.0,0.79542359030237,0.7965747702589808,0.418181437764249,0.7965747702589808,0.5870189374110945,0.45372253047749733
f1-score,0.7537031361732558,0.09375000000000001,0.0,0.8341665476360521,0.7965747702589808,0.42040492095232695,0.796055636430095,0.5870189374110945,0.45372253047749733
support,4504.0,103.0,21.0,7342.0,0.7965747702589808,11970.0,11970.0,0.5870189374110945,0.45372253047749733
,0.0,1.0,2.0,3.0,accuracy,macro avg,weighted avg,cohen,auprc
precision,0.7780925401322002,0.625,0.0,0.8424124513618677,0.8192147034252297,0.561376247873517,0.8148618227781339,0.6167767555366659,0.561376247873517
recall,0.7317939609236235,0.14563106796116504,0.0,0.8846363388722419,0.8192147034252297,0.44051534193925757,0.8192147034252297,0.6167767555366659,0.561376247873517
f1-score,0.754233409610984,0.23622047244094488,0.0,0.8630082381078927,0.8192147034252297,0.4633655300399554,0.8151716348986999,0.6167767555366659,0.561376247873517
support,4504.0,103.0,21.0,7342.0,0.8192147034252297,11970.0,11970.0,0.6167767555366659,0.561376247873517
,0.0,1.0,2.0,3.0,accuracy,macro avg,weighted avg,cohen,auprc
precision,0.7221183800623053,0.5714285714285714,0.0,0.8543456824904916,0.7998329156223893,0.5369731584953421,0.8006586739768551,0.5871434236152455,0.5369731584953421
recall,0.7719804618117229,0.3106796116504854,0.0,0.8260691909561427,0.7998329156223893,0.4771823161045877,0.7998329156223893,0.5871434236152455,0.5369731584953421
f1-score,0.7462174053009979,0.4025157232704402,0.0,0.8399695311959005,0.7998329156223893,0.4971756649418346,0.7994551888899626,0.5871434236152455,0.5369731584953421
support,4504.0,103.0,21.0,7342.0,0.7998329156223893,11970.0,11970.0,0.5871434236152455,0.5369731584953421
,0.0,1.0,2.0,3.0,accuracy,macro avg,weighted avg,cohen,auprc
precision,0.7739742086752638,0.6753246753246753,0.0,0.8415049816465653,0.816374269005848,0.5727009664116262,0.8131886259549634,0.6134206809590195,0.5727009664116262
recall,0.7329040852575488,0.5048543689320388,0.0,0.8742849359847453,0.816374269005848,0.5280108475435832,0.816374269005848,0.6134206809590195,0.5727009664116262
f1-score,0.7528794617402211,0.5777777777777778,0.0,0.8575818303273214,0.816374269005848,0.5470597674613301,0.8142728492107152,0.6134206809590195,0.5727009664116262
support,4504.0,103.0,21.0,7342.0,0.816374269005848,11970.0,11970.0,0.6134206809590195,0.5727009664116262
,0.0,1.0,2.0,3.0,accuracy,macro avg,weighted avg,cohen,auprc
precision,0.776287932251235,0.6285714285714286,0.0,0.8423997917751171,0.818295739348371,0.5618147881494452,0.814205762340462,0.6155238474011238,0.5618147881494452
recall,0.7326820603907638,0.21359223300970873,0.0,0.8816398801416507,0.818295739348371,0.4569785433855308,0.818295739348371,0.6155238474011238,0.5618147881494452
f1-score,0.7538549400342661,0.3188405797101449,0.0,0.861573272993478,0.818295739348371,0.48356719818447225,0.8148599999952042,0.6155238474011238,0.5618147881494452
support,4504.0,103.0,21.0,7342.0,0.818295739348371,11970.0,11970.0,0.6155238474011238,0.5618147881494452
,0.0,1.0,2.0,3.0,accuracy,macro avg,weighted avg,cohen,auprc
precision,0.738662729381987,0.4090909090909091,0.0,0.8601359789093936,0.8111946532999165,0.5019724043455724,0.8090385675794154,0.6080037586846552,0.5019724043455724
recall,0.7775310834813499,0.08737864077669903,0.0,0.8443203486788341,0.8111946532999165,0.42730751823422075,0.8111946532999165,0.6080037586846552,0.5019724043455724
f1-score,0.7575987020010817,0.14400000000000002,0.0,0.8521547872706028,0.8111946532999165,0.43843837231792115,0.808987218208324,0.6080037586846552,0.5019724043455724
support,4504.0,103.0,21.0,7342.0,0.8111946532999165,11970.0,11970.0,0.6080037586846552,0.5019724043455724
,0.0,1.0,2.0,3.0,accuracy,macro avg,weighted avg,cohen,auprc
precision,0.6866505306274436,0.34782608695652173,0.0,0.8745788667687596,0.7872180451127819,0.47726387108818125,0.7977993414134303,0.5714396502569901,0.47726387108818125
recall,0.8188277087033747,0.23300970873786409,0.0,0.7778534459275401,0.7872180451127819,0.45742271584219474,0.7872180451127819,0.5714396502569901,0.47726387108818125
f1-score,0.7469367088607595,0.27906976744186046,0.0,0.8233852364475202,0.7872180451127819,0.462347928187535,0.7884913557855525,0.5714396502569901,0.47726387108818125
support,4504.0,103.0,21.0,7342.0,0.7872180451127819,11970.0,11970.0,0.5714396502569901,0.47726387108818125
,0.0,1.0,2.0,3.0,accuracy,macro avg,weighted avg,cohen,auprc
precision,0.698549064528446,0.109375,0.0,0.8726754649070186,0.7923976608187134,0.4201498823588662,0.7990571324129868,0.5794263487633244,0.4201498823588662
recall,0.8123889875666075,0.06796116504854369,0.0,0.7925633342413512,0.7923976608187134,0.4182283717141256,0.7923976608187134,0.5794263487633244,0.4201498823588662
f1-score,0.7511804557585712,0.08383233532934133,0.0,0.8306923625981443,0.7923976608187134,0.4164262884215142,0.7928901277753636,0.5794263487633244,0.4201498823588662
support,4504.0,103.0,21.0,7342.0,0.7923976608187134,11970.0,11970.0,0.5794263487633244,0.4201498823588662
,0.0,1.0,2.0,3.0,accuracy,macro avg,weighted avg,cohen,auprc
precision,0.704977013791725,0.8048780487804879,0.0,0.8579266531908749,0.7938178780284043,0.591945428940772,0.7984140682430847,0.5773227254385462,0.591945428940772
recall,0.7830817051509769,0.32038834951456313,0.0,0.8093162625987469,0.7938178780284043,0.47819657931607173,0.7938178780284043,0.5773227254385462,0.591945428940772
f1-score,0.7419795939833806,0.45833333333333337,0.0,0.8329128118867395,0.7938178780284043,0.5083064348008633,0.7940125555143627,0.5773227254385462,0.591945428940772
support,4504.0,103.0,21.0,7342.0,0.7938178780284043,11970.0,11970.0,0.5773227254385462,0.591945428940772
,0.0,1.0,2.0,3.0,accuracy,macro avg,weighted avg,cohen,auprc
precision,0.7579445571331981,0.4444444444444444,0.0,0.8468720821661998,0.8126984126984127,0.5123152709359606,0.8084623968563026,0.6067875194670416,0.5123152709359606
recall,0.7466696269982238,0.1553398058252427,0.0,0.8647507491146826,0.8126984126984127,0.4416900454845373,0.8126984126984127,0.6067875194670416,0.5123152709359606
f1-score,0.7522648473325132,0.2302158273381295,0.0,0.8557180402992115,0.8126984126984127,0.45954967874246355,0.8099076820783858,0.6067875194670416,0.5123152709359606
support,4504.0,103.0,21.0,7342.0,0.8126984126984127,11970.0,11970.0,0.6067875194670416,0.5123152709359606
,0.0,1.0,2.0,3.0,accuracy,macro avg,weighted avg,cohen,auprc
precision,0.7804463852498787,0.574468085106383,0.0,0.8341238302781695,0.8146198830409357,0.5472595751586078,0.8102287296435866,0.6061217134936192,0.5472595751586078
recall,0.7142539964476021,0.2621359223300971,0.0,0.8862707709071098,0.8146198830409357,0.46566517242120226,0.8146198830409357,0.6061217134936192,0.5472595751586078
f1-score,0.7458845351263621,0.36000000000000004,0.0,0.8594069867265404,0.8146198830409357,0.49132288046322564,0.810886386195104,0.6061217134936192,0.5472595751586078
support,4504.0,103.0,21.0,7342.0,0.8146198830409357,11970.0,11970.0,0.6061217134936192,0.5472595751586078
,0.0,1.0,2.0,3.0,accuracy,macro avg,weighted avg,cohen,auprc
precision,0.761118752865658,0.5,0.0,0.8430676137858458,0.8130325814536341,0.5260465916628759,0.8078012768022226,0.6050002985847085,0.5260465916628759
recall,0.7371225577264654,0.02912621359223301,0.0,0.872922909289022,0.8130325814536341,0.40979292015193014,0.8130325814536341,0.6050002985847085,0.5260465916628759
f1-score,0.7489284908639748,0.05504587155963303,0.0,0.8577355460385439,0.8130325814536341,0.41542747711553796,0.8083824583656619,0.6050002985847085,0.5260465916628759
support,4504.0,103.0,21.0,7342.0,0.8130325814536341,11970.0,11970.0,0.6050002985847085,0.5260465916628759
,0.0,1.0,2.0,3.0,accuracy,macro avg,weighted avg,cohen,auprc
precision,0.7601359003397509,0.71875,0.0,0.8464708228100492,0.8142857142857143,0.58133918078745,0.8114011801338028,0.6095970488116698,0.58133918078745
recall,0.7451154529307282,0.22330097087378642,0.0,0.8673385998365568,0.8142857142857143,0.4589387559102679,0.8142857142857143,0.6095970488116698,0.58133918078745
f1-score,0.7525507343872633,0.34074074074074073,0.0,0.8567776656575848,0.8142857142857143,0.48751728519639725,0.8116162427096506,0.6095970488116698,0.58133918078745
support,4504.0,103.0,21.0,7342.0,0.8142857142857143,11970.0,11970.0,0.6095970488116698,0.58133918078745
,0.0,1.0,2.0,3.0,accuracy,macro avg,weighted avg,cohen,auprc
precision,0.7067116759332804,0.5185185185185185,0.0,0.8616279069767442,0.7949039264828739,0.5217145253571358,0.7988729230437893,0.58067562959336,0.5217145253571358
recall,0.7901865008880995,0.27184466019417475,0.0,0.8074094252247344,0.7949039264828739,0.4673601465767522,0.7949039264828739,0.58067562959336,0.5217145253571358
f1-score,0.7461215932914046,0.356687898089172,0.0,0.8336380255941498,0.7949039264828739,0.4841118792436816,0.795141260952374,0.58067562959336,0.5217145253571358
support,4504.0,103.0,21.0,7342.0,0.7949039264828739,11970.0,11970.0,0.58067562959336,0.5217145253571358
,0.0,1.0,2.0,3.0,accuracy,macro avg,weighted avg,cohen,auprc
precision,0.6971966205837173,0.40425531914893614,0.0,0.8692479523454951,0.7925647451963241,0.4926749730195371,0.7989833202257334,0.5785240972914927,0.4926749730195371
recall,0.8061722912966253,0.18446601941747573,0.0,0.795014982293653,0.7925647451963241,0.4464133232519385,0.7925647451963241,0.5785240972914927,0.4926749730195371
f1-score,0.7477347611202635,0.25333333333333335,0.0,0.8304759194707262,0.7925647451963241,0.45788600348108077,0.7929193732809584,0.5785240972914927,0.4926749730195371
support,4504.0,103.0,21.0,7342.0,0.7925647451963241,11970.0,11970.0,0.5785240972914927,0.4926749730195371
,0.0,1.0,2.0,3.0,accuracy,macro avg,weighted avg,cohen,auprc
precision,0.7447552447552448,0.525,0.0,0.8500135980418819,0.808688387635756,0.5299422106992817,0.8061196707770358,0.6008454975760049,0.5299422106992817
recall,0.7566607460035524,0.20388349514563106,0.0,0.851402887496595,0.808688387635756,0.4529867821614446,0.808688387635756,0.6008454975760049,0.5299422106992817
f1-score,0.7506607929515419,0.2937062937062937,0.0,0.8507076755579749,0.808688387635756,0.47376869055395265,0.8067772526025184,0.6008454975760049,0.5299422106992817
support,4504.0,103.0,21.0,7342.0,0.808688387635756,11970.0,11970.0,0.6008454975760049,0.5299422106992817
,0.0,1.0,2.0,3.0,accuracy,macro avg,weighted avg,cohen,auprc
precision,0.7393180837289599,0.4791666666666667,0.0,0.8511251372118551,0.8063492063492064,0.5174024719018704,0.8043612007678649,0.5972699342852271,0.5174024719018704
recall,0.7606571936056838,0.22330097087378642,0.0,0.8448651593571234,0.8063492063492064,0.4572058309591484,0.8063492063492064,0.5972699342852271,0.5174024719018704
f1-score,0.7498358502954695,0.30463576158940403,0.0,0.8479835953520164,0.8063492063492064,0.4756138018092225,0.8048900342731001,0.5972699342852271,0.5174024719018704
support,4504.0,103.0,21.0,7342.0,0.8063492063492064,11970.0,11970.0,0.5972699342852271,0.5174024719018704
,0.0,1.0,2.0,3.0,accuracy,macro avg,weighted avg,cohen,auprc
precision,0.7476003490401396,0.45454545454545453,0.0,0.8524411804705563,0.8111946532999165,0.5136467460140376,0.8080729574694899,0.6059140943071251,0.5136467460140376
recall,0.7608792184724689,0.14563106796116504,0.0,0.8537183328793244,0.8111946532999165,0.4400571548282396,0.8111946532999165,0.6059140943071251,0.5136467460140376
f1-score,0.754181338028169,0.2205882352941176,0.0,0.853079278666213,0.8111946532999165,0.4569622129971249,0.8089274351446536,0.6059140943071251,0.5136467460140376
support,4504.0,103.0,21.0,7342.0,0.8111946532999165,11970.0,11970.0,0.6059140943071251,0.5136467460140376
,0.0,1.0,2.0,3.0,accuracy,macro avg,weighted avg,cohen,auprc
precision,0.7315183246073298,0.42857142857142855,0.0,0.8578205664852797,0.8064327485380117,0.5044775799160095,0.8050977435513111,0.5989303281664891,0.5044775799160095
recall,0.7755328596802842,0.11650485436893204,0.0,0.8373740125306456,0.8064327485380117,0.43235293164496547,0.8064327485380117,0.5989303281664891,0.5044775799160095
f1-score,0.7528828537557926,0.183206106870229,0.0,0.8474739816665519,0.8064327485380117,0.44589073557314335,0.8046790790074809,0.5989303281664891,0.5044775799160095
support,4504.0,103.0,21.0,7342.0,0.8064327485380117,11970.0,11970.0,0.5989303281664891,0.5044775799160095
,0.0,1.0,2.0,3.0,accuracy,macro avg,weighted avg,cohen,auprc
precision,0.759799453053783,0.5526315789473685,0.0,0.84398197242842,0.8121971595655806,0.5391032511073929,0.8083185823521535,0.60501420131403,0.5391032511073929
recall,0.7402309058614565,0.20388349514563106,0.0,0.8672023971669844,0.8121971595655806,0.45282919954351797,0.8121971595655806,0.60501420131403,0.5391032511073929
f1-score,0.7498875393612237,0.2978723404255319,0.0,0.8554346365712752,0.8121971595655806,0.47579862908950765,0.8094215062700989,0.60501420131403,0.5391032511073929
support,4504.0,103.0,21.0,7342.0,0.8121971595655806,11970.0,11970.0,0.60501420131403,0.5391032511073929
,0.0,1.0,2.0,3.0,accuracy,macro avg,weighted avg,cohen,auprc
precision,0.7479763727849486,0.5,0.0,0.851569933396765,0.8107769423558897,0.5248865765454285,0.8080711807871727,0.6052047351579855,0.5248865765454285
recall,0.7591030195381883,0.20388349514563106,0.0,0.8533097248706074,0.8107769423558897,0.4540740598886067,0.8107769423558897,0.6052047351579855,0.5248865765454285
f1-score,0.7534986225895316,0.28965517241379307,0.0,0.8524389414245868,0.8107769423558897,0.47389818410697787,0.808872095809623,0.6052047351579855,0.5248865765454285
support,4504.0,103.0,21.0,7342.0,0.8107769423558897,11970.0,11970.0,0.6052047351579855,0.5248865765454285
,0.0,1.0,2.0,3.0,accuracy,macro avg,weighted avg,cohen,auprc
precision,0.7481695140891946,0.5555555555555556,0.0,0.8465572888649812,0.8088554720133667,0.5375705896274329,0.805547312324699,0.5995032659862187,0.5375705896274329
recall,0.7486678507992895,0.14563106796116504,0.0,0.8573958049577771,0.8088554720133667,0.4379236809295579,0.8088554720133667,0.5995032659862187,0.5375705896274329
f1-score,0.748418599489513,0.23076923076923078,0.0,0.8519420760590066,0.8088554720133667,0.4577824765794376,0.8061491499828926,0.5995032659862187,0.5375705896274329
support,4504.0,103.0,21.0,7342.0,0.8088554720133667,11970.0,11970.0,0.5995032659862187,0.5375705896274329
,0.0,1.0,2.0,3.0,accuracy,macro avg,weighted avg,cohen,auprc
precision,0.7420824295010846,0.4838709677419355,0.0,0.8510028653295129,0.8081035923141187,0.5192390656431333,0.8053668345363064,0.599808013271397,0.5192390656431333
recall,0.7595470692717584,0.14563106796116504,0.0,0.8494960501225824,0.8081035923141187,0.43866854683887646,0.8081035923141187,0.599808013271397,0.5192390656431333
f1-score,0.7507131885012069,0.22388059701492538,0.0,0.8502487901301888,0.8081035923141187,0.4562106439115803,0.8059146632947217,0.599808013271397,0.5192390656431333
support,4504.0,103.0,21.0,7342.0,0.8081035923141187,11970.0,11970.0,0.599808013271397,0.5192390656431333
,0.0,1.0,2.0,3.0,accuracy,macro avg,weighted avg,cohen,auprc
precision,0.7274620029148449,0.48148148148148145,0.0,0.857422969187675,0.8044277360066834,0.5165916133960003,0.8037828649537981,0.595198753741629,0.5165916133960003
recall,0.7757548845470693,0.1262135922330097,0.0,0.8338327431217651,0.8044277360066834,0.43395030497546105,0.8044277360066834,0.595198753741629,0.5165916133960003
f1-score,0.750832706564951,0.19999999999999998,0.0,0.8454633337936748,0.8044277360066834,0.4490740100896564,0.8028189061889472,0.595198753741629,0.5165916133960003
support,4504.0,103.0,21.0,7342.0,0.8044277360066834,11970.0,11970.0,0.595198753741629,0.5165916133960003
,0.0,1.0,2.0,3.0,accuracy,macro avg,weighted avg,cohen,auprc
precision,0.7413979658082666,0.4838709677419355,0.0,0.8514621481279038,0.8080200501253133,0.5191827704195264,0.8053909974296509,0.5998156249114819,0.5191827704195264
recall,0.7606571936056838,0.14563106796116504,0.0,0.8486788341051484,0.8080200501253133,0.4387417739179993,0.8080200501253133,0.5998156249114819,0.5191827704195264
f1-score,0.7509041095890411,0.22388059701492538,0.0,0.8500682128240109,0.8080200501253133,0.4562132298569943,0.8058757418241826,0.5998156249114819,0.5191827704195264
support,4504.0,103.0,21.0,7342.0,0.8080200501253133,11970.0,11970.0,0.5998156249114819,0.5191827704195264
,0.0,1.0,2.0,3.0,accuracy,macro avg,weighted avg,cohen,auprc
precision,0.751219512195122,0.4827586206896552,0.0,0.8486071861122325,0.8110275689223058,0.5206463297492524,0.8073258798073413,0.604187445950837,0.5206463297492524
recall,0.7522202486678508,0.13592233009708737,0.0,0.8588940343230728,0.8110275689223058,0.43675915327200276,0.8110275689223058,0.604187445950837,0.5206463297492524
f1-score,0.7517195473707566,0.21212121212121213,0.0,0.8537196236377175,0.8110275689223058,0.45439009578242157,0.8083210361699661,0.604187445950837,0.5206463297492524
support,4504.0,103.0,21.0,7342.0,0.8110275689223058,11970.0,11970.0,0.604187445950837,0.5206463297492524
,0.0,1.0,2.0,3.0,accuracy,macro avg,weighted avg,cohen,auprc
precision,0.749722653649878,0.5172413793103449,0.0,0.847457627118644,0.8098579782790309,0.5286054150197167,0.8063542683720218,0.6016881030525517,0.5286054150197167
recall,0.7502220248667851,0.14563106796116504,0.0,0.8580768183056388,0.8098579782790309,0.4384824777833972,0.8098579782790309,0.6016881030525517,0.5286054150197167
f1-score,0.7499722561313951,0.22727272727272724,0.0,0.8527341635083918,0.8098579782790309,0.45749478672812854,0.8071895038432336,0.6016881030525517,0.5286054150197167
support,4504.0,103.0,21.0,7342.0,0.8098579782790309,11970.0,11970.0,0.6016881030525517,0.5286054150197167
,0.0,1.0,2.0,3.0,accuracy,macro avg,weighted avg,cohen,auprc
precision,0.7559268457891172,0.5348837209302325,0.0,0.844891971192318,0.8108604845446951,0.5339256344779169,0.8072668662643271,0.6030917101935371,0.5339256344779169
recall,0.7433392539964476,0.22330097087378642,0.0,0.8628439117406701,0.8108604845446951,0.45737103415272606,0.8108604845446951,0.6030917101935371,0.5339256344779169
f1-score,0.7495802082167246,0.3150684931506849,0.0,0.8537735849056604,0.8108604845446951,0.47960557156826744,0.8084350019198,0.6030917101935371,0.5339256344779169
support,4504.0,103.0,21.0,7342.0,0.8108604845446951,11970.0,11970.0,0.6030917101935371,0.5339256344779169
,0.0,1.0,2.0,3.0,accuracy,macro avg,weighted avg,cohen,auprc
precision,0.7389991371872304,0.5121951219512195,0.0,0.851090086384204,0.8065162907268171,0.5255710863806635,0.8045038952117867,0.5973544408487048,0.5255710863806635
recall,0.7606571936056838,0.20388349514563106,0.0,0.8454099700354127,0.8065162907268171,0.4524876646966819,0.8065162907268171,0.5973544408487048,0.5255710863806635
f1-score,0.749671772428884,0.29166666666666663,0.0,0.8482405193030406,0.8065162907268171,0.47239473959964784,0.8048742875864063,0.5973544408487048,0.5255710863806635
support,4504.0,103.0,21.0,7342.0,0.8065162907268171,11970.0,11970.0,0.5973544408487048,0.5255710863806635
,0.0,1.0,2.0,3.0,accuracy,macro avg,weighted avg,cohen,auprc
precision,0.7302286553387874,0.41935483870967744,0.0,0.8562465142219744,0.8049289891395155,0.5014575020676098,0.8035676958605457,0.5958087826497971,0.5014575020676098
recall,0.7728685612788633,0.1262135922330097,0.0,0.8364205938436393,0.8049289891395155,0.43387568683887806,0.8049289891395155,0.5958087826497971,0.5014575020676098
f1-score,0.7509438032574695,0.19402985074626866,0.0,0.8462174452252997,0.8049289891395155,0.44779777480725946,0.8032718836543574,0.5958087826497971,0.5014575020676098
support,4504.0,103.0,21.0,7342.0,0.8049289891395155,11970.0,11970.0,0.5958087826497971,0.5014575020676098
,0.0,1.0,2.0,3.0,accuracy,macro avg,weighted avg,cohen,auprc
precision,0.7306960016924053,0.4523809523809524,0.0,0.85307596167199,0.8033416875522139,0.5090382289363369,0.8020830192409009,0.5923200540583523,0.5090382289363369
recall,0.7668738898756661,0.18446601941747573,0.0,0.836692999182784,0.8033416875522139,0.44700822711898147,0.8033416875522139,0.5923200540583523,0.5090382289363369
f1-score,0.7483479579677176,0.2620689655172414,0.0,0.8448050608540191,0.8033416875522139,0.46380549608474453,0.802014290971185,0.5923200540583523,0.5090382289363369
support,4504.0,103.0,21.0,7342.0,0.8033416875522139,11970.0,11970.0,0.5923200540583523,0.5090382289363369
,0.0,1.0,2.0,3.0,accuracy,macro avg,weighted avg,cohen,auprc
precision,0.7420201136860516,0.5517241379310345,0.0,0.8481064205239582,0.8068504594820385,0.5354626680352611,0.8041506698191959,0.596509616252253,0.5354626680352611
recall,0.7535523978685613,0.1553398058252427,0.0,0.850994279487878,0.8068504594820385,0.4399716207954205,0.8068504594820385,0.596509616252253,0.5354626680352611
f1-score,0.747741793346552,0.24242424242424243,0.0,0.8495478958460807,0.8068504594820385,0.4599284829042188,0.804526264453174,0.596509616252253,0.5354626680352611
support,4504.0,103.0,21.0,7342.0,0.8068504594820385,11970.0,11970.0,0.596509616252253,0.5354626680352611
,0.0,1.0,2.0,3.0,accuracy,macro avg,weighted avg,cohen,auprc
precision,0.7171306644990856,0.4411764705882353,0.0,0.8598717034925161,0.8,0.5045447096449592,0.8010506045460754,0.5883270062855589,0.5045447096449592
recall,0.7835257548845471,0.14563106796116504,0.0,0.821574502860256,0.8,0.437682831426492,0.8,0.5883270062855589,0.5045447096449592
f1-score,0.7488594164456234,0.21897810218978103,0.0,0.8402869680295327,0.8,0.45203112166623427,0.799064701375895,0.5883270062855589,0.5045447096449592
support,4504.0,103.0,21.0,7342.0,0.8,11970.0,11970.0,0.5883270062855589,0.5045447096449592
,0.0,1.0,2.0,3.0,accuracy,macro avg,weighted avg,cohen,auprc
precision,0.7236273904996916,0.5294117647058824,0.0,0.8596069560299732,0.8034252297410193,0.5281615278088868,0.8040920175227552,0.5944183036578286,0.5281615278088868
recall,0.7813055062166963,0.17475728155339806,0.0,0.8281122309997276,0.8034252297410193,0.4460437546924555,0.8034252297410193,0.5944183036578286,0.5281615278088868
f1-score,0.7513611615245009,0.26277372262773724,0.0,0.8435657301422129,0.8034252297410193,0.4644251535736128,0.8023939812565696,0.5944183036578286,0.5281615278088868
support,4504.0,103.0,21.0,7342.0,0.8034252297410193,11970.0,11970.0,0.5944183036578286,0.5281615278088868
,0.0,1.0,2.0,3.0,accuracy,macro avg,weighted avg,cohen,auprc
precision,0.7640606767794632,0.5641025641025641,0.0,0.8380852733455402,0.8106934001670844,0.5415621285568919,0.8064038370275876,0.6001784248895912,0.5415621285568919
recall,0.7269094138543517,0.21359223300970873,0.0,0.8727867066194498,0.8106934001670844,0.45332208837087756,0.8106934001670844,0.6001784248895912,0.5415621285568919
f1-score,0.7450221868244395,0.30985915492957744,0.0,0.8550840672538029,0.8106934001670844,0.477491352251955,0.8074789176434789,0.6001784248895912,0.5415621285568919
support,4504.0,103.0,21.0,7342.0,0.8106934001670844,11970.0,11970.0,0.6001784248895912,0.5415621285568919
