,0.0,1.0,2.0,3.0,4.0,accuracy,macro avg,weighted avg,cohen
precision,0.0,0.0,0.5870069605568445,0.47772020725388603,0.44644194756554306,0.5212121212121212,0.3022338230752547,0.35056044984444235,0.3586215903729607
recall,0.0,0.0,0.7981072555205048,0.7846808510638298,0.7587523870146403,0.5212121212121212,0.46830809871979495,0.5212121212121212,0.3586215903729607
f1-score,0.0,0.0,0.6764705882352942,0.5938808373590982,0.5621315727422778,0.5212121212121212,0.36649659966733406,0.4181066722088599,0.3586215903729607
support,2406.0,588.0,3170.0,1175.0,1571.0,0.5212121212121212,8910.0,8910.0,0.3586215903729607
,0.0,1.0,2.0,3.0,4.0,accuracy,macro avg,weighted avg,cohen
precision,1.0,0.10955056179775281,0.8278463648834019,0.46934548467274234,0.0,0.32996632996632996,0.4813484822707794,0.6336890742433148,0.2276279839976243
recall,0.022443890274314215,0.9285714285714286,0.3807570977917981,0.9642553191489361,0.0,0.32996632996632996,0.45920554715729545,0.32996632996632996,0.2276279839976243
f1-score,0.04390243902439024,0.19597989949748745,0.5216076058772688,0.63137364168292,0.0,0.32996632996632996,0.2785727172164133,0.293628012211625,0.2276279839976243
support,2406.0,588.0,3170.0,1175.0,1571.0,0.32996632996632996,8910.0,8910.0,0.2276279839976243
,0.0,1.0,2.0,3.0,4.0,accuracy,macro avg,weighted avg,cohen
precision,0.43254051778572933,0.0,0.5279187817258884,0.9680365296803652,0.0,0.48787878787878786,0.3856991658383966,0.43228259778203815,0.26360660770049027
recall,0.8541147132169576,0.0,0.6561514195583596,0.1804255319148936,0.0,0.48787878787878786,0.3381383329380422,0.48787878787878786,0.26360660770049027
f1-score,0.5742629593405059,0.0,0.5850914205344585,0.30416068866571017,0.0,0.48787878787878786,0.2927030137081349,0.40334515066775534,0.26360660770049027
support,2406.0,588.0,3170.0,1175.0,1571.0,0.48787878787878786,8910.0,8910.0,0.26360660770049027
,0.0,1.0,2.0,3.0,4.0,accuracy,macro avg,weighted avg,cohen
precision,0.9956896551724138,0.0,0.9382716049382716,0.5819477434679335,0.2266743815998843,0.320314253647587,0.5485166770357006,0.7193989169548135,0.17913308789507554
recall,0.09600997506234414,0.0,0.023974763406940065,0.8340425531914893,0.9974538510502864,0.320314253647587,0.39029622854221196,0.320314253647587,0.17913308789507554
f1-score,0.17513267626990145,0.0,0.04675484466318056,0.6855543896467297,0.3694012258368694,0.320314253647587,0.2553686272833362,0.21946552304290623,0.17913308789507554
support,2406.0,588.0,3170.0,1175.0,1571.0,0.320314253647587,8910.0,8910.0,0.17913308789507554
,0.0,1.0,2.0,3.0,4.0,accuracy,macro avg,weighted avg,cohen
precision,0.9703947368421053,0.24479166666666666,0.46846304380550957,0.5508913168487637,0.21875,0.49595959595959593,0.49065815283260905,0.5560817769924655,0.27760503783650725
recall,0.12261014131338321,0.07993197278911565,0.9817034700315458,0.8153191489361702,0.004455760661998727,0.49595959595959593,0.4008040987464427,0.49595959595959593,0.27760503783650725
f1-score,0.21771217712177127,0.1205128205128205,0.6342606746153062,0.6575154426904599,0.008733624454148471,0.49595959595959593,0.3277469478789013,0.3806492193407181,0.27760503783650725
support,2406.0,588.0,3170.0,1175.0,1571.0,0.49595959595959593,8910.0,8910.0,0.27760503783650725
,0.0,1.0,2.0,3.0,4.0,accuracy,macro avg,weighted avg,cohen
precision,1.0,0.75,0.36672836649699214,0.8857142857142857,0.0,0.3850729517396184,0.6004885304422556,0.5668061961290406,0.050179815036217934
recall,0.0943474646716542,0.00510204081632653,1.0,0.026382978723404255,0.0,0.3850729517396184,0.225166496842277,0.3850729517396184,0.050179815036217934
f1-score,0.17242688947968096,0.010135135135135136,0.5366514305061791,0.0512396694214876,0.0,0.3850729517396184,0.15409062490849657,0.2449169699015048,0.050179815036217934
support,2406.0,588.0,3170.0,1175.0,1571.0,0.3850729517396184,8910.0,8910.0,0.050179815036217934
,0.0,1.0,2.0,3.0,4.0,accuracy,macro avg,weighted avg,cohen
precision,0.8860045146726863,0.0,0.5438927694921654,0.7156549520766773,0.5471014492753623,0.6421997755331089,0.5385307371033783,0.6235979671261883,0.49331570149480997
recall,0.6525353283458022,0.0,0.908832807570978,0.9531914893617022,0.09611712285168682,0.6421997755331089,0.5221353496260338,0.6421997755331089,0.49331570149480997
f1-score,0.7515557683101963,0.0,0.6805243888035903,0.8175182481751825,0.16350839198700595,0.6421997755331089,0.482621359455195,0.5817015843410931,0.49331570149480997
support,2406.0,588.0,3170.0,1175.0,1571.0,0.6421997755331089,8910.0,8910.0,0.49331570149480997
,0.0,1.0,2.0,3.0,4.0,accuracy,macro avg,weighted avg,cohen
precision,0.817351598173516,0.0,0.7813487881981033,0.940279542566709,0.35025858015984956,0.5975308641975309,0.5778477018196356,0.684456598848538,0.47639301619405827
recall,0.669576059850374,0.0,0.46782334384858043,0.6297872340425532,0.9484404837683005,0.5975308641975309,0.5431254243019616,0.5975308641975309,0.47639301619405827
f1-score,0.7361206305688827,0.0,0.585240726124704,0.7543323139653415,0.5115879828326181,0.5975308641975309,0.5174563306983092,0.5966739089678298,0.47639301619405827
support,2406.0,588.0,3170.0,1175.0,1571.0,0.5975308641975309,8910.0,8910.0,0.47639301619405827
,0.0,1.0,2.0,3.0,4.0,accuracy,macro avg,weighted avg,cohen
precision,0.554266563547306,0.0,0.6651411136536994,0.8643122676579925,0.9285714285714286,0.6407407407407407,0.6024582746860853,0.6640196757531875,0.4933814674266934
recall,0.8935993349958438,0.0,0.8252365930599369,0.7914893617021277,0.008274984086569064,0.6407407407407407,0.5037200547688955,0.6407407407407407,0.4933814674266934
f1-score,0.6841686555290373,0.0,0.7365901731662678,0.8262994224788982,0.016403785488958992,0.6407407407407407,0.4526924073326325,0.558672592879438,0.4933814674266934
support,2406.0,588.0,3170.0,1175.0,1571.0,0.6407407407407407,8910.0,8910.0,0.4933814674266934
,0.0,1.0,2.0,3.0,4.0,accuracy,macro avg,weighted avg,cohen
precision,0.7063985374771481,0.0,0.5400947867298578,0.9309576837416481,0.5,0.6305274971941639,0.5354902015897307,0.5938350879349162,0.4669639523753587
recall,0.8029925187032418,0.0,0.8987381703470032,0.7114893617021276,0.0006365372374283895,0.6305274971941639,0.48277131759796027,0.6305274971941639,0.4669639523753587
f1-score,0.751604746158335,0.0,0.6747187685020722,0.8065605402797877,0.0012714558169103622,0.6305274971941639,0.4468311021514211,0.5495988335943478,0.4669639523753587
support,2406.0,588.0,3170.0,1175.0,1571.0,0.6305274971941639,8910.0,8910.0,0.4669639523753587
,0.0,1.0,2.0,3.0,4.0,accuracy,macro avg,weighted avg,cohen
precision,0.9432485322896281,0.0,0.6191293158910572,0.8232899022801303,0.4946164199192463,0.682267115600449,0.5760568340760124,0.6707636286123216,0.5585587799187078
recall,0.600997506234414,0.0,0.9107255520504732,0.8604255319148936,0.4678548695098663,0.682267115600449,0.5680006919419294,0.682267115600449,0.5585587799187078
f1-score,0.7341964965727342,0.0,0.7371377505425762,0.8414481897627966,0.48086359175662413,0.682267115600449,0.5587292057269463,0.6562673137592491,0.5585587799187078
support,2406.0,588.0,3170.0,1175.0,1571.0,0.682267115600449,8910.0,8910.0,0.5585587799187078
,0.0,1.0,2.0,3.0,4.0,accuracy,macro avg,weighted avg,cohen
precision,0.5278894472361809,0.0,0.8494007295466389,0.7714491708723864,0.5175600739371534,0.6331088664421998,0.5332598843184719,0.6377375953584083,0.5108764649126272
recall,0.8732335827098919,0.0,0.5141955835962145,0.9106382978723404,0.5346912794398472,0.6331088664421998,0.5665517487236589,0.6331088664421998,0.5108764649126272
f1-score,0.6580018791105544,0.0,0.640597366869719,0.8352849336455894,0.5259862241703194,0.6331088664421998,0.5319740807592364,0.6084882524491741,0.5108764649126272
support,2406.0,588.0,3170.0,1175.0,1571.0,0.6331088664421998,8910.0,8910.0,0.5108764649126272
,0.0,1.0,2.0,3.0,4.0,accuracy,macro avg,weighted avg,cohen
precision,0.5135065603293028,0.15625,0.936656282450675,0.7450034458993797,0.4610044916292364,0.5760942760942761,0.5624841560617188,0.6617496413919466,0.45134040392400765
recall,0.829592684954281,0.04251700680272109,0.28454258675078864,0.92,0.7186505410566518,0.5760942760942761,0.5590605639128885,0.5760942760942761,0.45134040392400765
f1-score,0.6343556332432861,0.06684491978609626,0.43648681345269774,0.8233054074638233,0.5616915422885572,0.5760942760942761,0.5045368632468922,0.538611552386974,0.45134040392400765
support,2406.0,588.0,3170.0,1175.0,1571.0,0.5760942760942761,8910.0,8910.0,0.45134040392400765
,0.0,1.0,2.0,3.0,4.0,accuracy,macro avg,weighted avg,cohen
precision,0.9610274579273693,0.0,0.9422382671480144,0.8445945945945946,0.24794303797468353,0.43916947250280586,0.5991606715289324,0.7498366478046389,0.309435336409026
recall,0.45095594347464674,0.0,0.08233438485804416,0.851063829787234,0.9974538510502864,0.43916947250280586,0.47636160183404225,0.43916947250280586,0.309435336409026
f1-score,0.6138613861386139,0.0,0.1514360313315927,0.847816871555744,0.39716132302623236,0.43916947250280586,0.4020551224104366,0.4014733980833742,0.309435336409026
support,2406.0,588.0,3170.0,1175.0,1571.0,0.43916947250280586,8910.0,8910.0,0.309435336409026
,0.0,1.0,2.0,3.0,4.0,accuracy,macro avg,weighted avg,cohen
precision,0.8903846153846153,0.0,0.939150401836969,0.6219709208400647,0.3295110341843358,0.5482603815937149,0.556203394449197,0.7146857267260657,0.43461376873500335
recall,0.5773067331670823,0.0,0.2580441640378549,0.9829787234042553,0.9694462126034373,0.5482603815937149,0.5575551666425259,0.5482603815937149,0.43461376873500335
f1-score,0.7004538577912253,0.0,0.40485028458302397,0.7618733509234829,0.4918456321653481,0.5482603815937149,0.471804625092616,0.520376886581451,0.43461376873500335
support,2406.0,588.0,3170.0,1175.0,1571.0,0.5482603815937149,8910.0,8910.0,0.43461376873500335
,0.0,1.0,2.0,3.0,4.0,accuracy,macro avg,weighted avg,cohen
precision,0.9528501055594651,0.0,0.735649102148955,0.7659420289855072,0.431047197640118,0.682267115600449,0.5770976868668091,0.6960406329224306,0.5747675030671645
recall,0.5627597672485453,0.0,0.7883280757097791,0.8995744680851064,0.7441120305537874,0.682267115600449,0.5989548683194437,0.682267115600449,0.5747675030671645
f1-score,0.7076038672589496,0.0,0.7610781178620375,0.8273972602739725,0.5458790567359327,0.682267115600449,0.5683916604261785,0.667214401481679,0.5747675030671645
support,2406.0,588.0,3170.0,1175.0,1571.0,0.682267115600449,8910.0,8910.0,0.5747675030671645
,0.0,1.0,2.0,3.0,4.0,accuracy,macro avg,weighted avg,cohen
precision,0.9772942289498581,0.0,0.9209876543209876,0.717139175257732,0.28410125660171187,0.49966329966329964,0.5799044630260579,0.7362359578114493,0.3776835011515528
recall,0.42934330839567747,0.0,0.23533123028391167,0.9472340425531914,0.9929980903882877,0.49966329966329964,0.5209813343242137,0.49966329966329964,0.3776835011515528
f1-score,0.5965925498123015,0.0,0.3748743718592965,0.8162816281628162,0.44180118946474084,0.49966329966329964,0.44590994785983096,0.48001728567708013,0.3776835011515528
support,2406.0,588.0,3170.0,1175.0,1571.0,0.49966329966329964,8910.0,8910.0,0.3776835011515528
,0.0,1.0,2.0,3.0,4.0,accuracy,macro avg,weighted avg,cohen
precision,0.7773722627737226,0.25,0.5321896002829855,0.9122137404580153,0.0,0.6334455667789001,0.49435512070294463,0.5360549766743893,0.4670886924841091
recall,0.7967581047381546,0.0017006802721088435,0.9492113564668769,0.6102127659574468,0.0,0.6334455667789001,0.4715765814869174,0.6334455667789001,0.4670886924841091
f1-score,0.7869458128078817,0.003378378378378378,0.6820036264732549,0.7312595614482407,0.0,0.6334455667789001,0.44071747582155113,0.5518024234258305,0.4670886924841091
support,2406.0,588.0,3170.0,1175.0,1571.0,0.6334455667789001,8910.0,8910.0,0.4670886924841091
,0.0,1.0,2.0,3.0,4.0,accuracy,macro avg,weighted avg,cohen
precision,0.7353519465198585,0.0,0.5117827868852459,0.9737991266375546,0.5849056603773585,0.5997755331088664,0.5611679040840035,0.6122007838389412,0.41253155304949507
recall,0.7772236076475478,0.0,0.9454258675078865,0.37957446808510636,0.019732654360280075,0.5997755331088664,0.4243913195201642,0.5997755331088664,0.41253155304949507
f1-score,0.7557082238836129,0.0,0.6640815422113894,0.5462339252908757,0.038177339901477834,0.5997755331088664,0.4008402062574712,0.5190992074832859,0.41253155304949507
support,2406.0,588.0,3170.0,1175.0,1571.0,0.5997755331088664,8910.0,8910.0,0.41253155304949507
,0.0,1.0,2.0,3.0,4.0,accuracy,macro avg,weighted avg,cohen
precision,0.732776617954071,0.0,0.9655172413793104,0.9197396963123644,0.2793316382128587,0.47418630751964086,0.5794730387717208,0.7119275358888146,0.34382994367639264
recall,0.729426433915212,0.0,0.026498422712933754,0.7217021276595744,0.9789942711648632,0.47418630751964086,0.49132425109051664,0.47418630751964086,0.34382994367639264
f1-score,0.7310976879816705,0.0,0.05158120970217992,0.8087744396757272,0.4346474494842447,0.47418630751964086,0.4052201573687645,0.3990656096294654,0.34382994367639264
support,2406.0,588.0,3170.0,1175.0,1571.0,0.47418630751964086,8910.0,8910.0,0.34382994367639264
,0.0,1.0,2.0,3.0,4.0,accuracy,macro avg,weighted avg,cohen
precision,0.8385807096451774,0.0,0.9354187689202825,0.762550881953867,0.33955895589558954,0.5878787878787879,0.5752218632829833,0.7196798081808482,0.47834547085201795
recall,0.6974231088944306,0.0,0.29242902208201893,0.9565957446808511,0.9605346912794398,0.5878787878787879,0.5813965133873481,0.5878787878787879,0.47834547085201795
f1-score,0.7615157703653278,0.0,0.4455659697188175,0.8486221215553038,0.5017456359102245,0.5878787878787879,0.5114898995099347,0.5645369757968659,0.47834547085201795
support,2406.0,588.0,3170.0,1175.0,1571.0,0.5878787878787879,8910.0,8910.0,0.47834547085201795
,0.0,1.0,2.0,3.0,4.0,accuracy,macro avg,weighted avg,cohen
precision,0.9656274980015987,0.0,0.4930815562428781,1.0,0.5064406779661017,0.563973063973064,0.5930299464421157,0.6573497865955685,0.3653157774650013
recall,0.5020781379883624,0.0,0.9555205047318612,0.03489361702127659,0.475493316359007,0.563973063973064,0.39359711522010143,0.563973063973064,0.3653157774650013
f1-score,0.6606508066721356,0.0,0.6504885643723828,0.06743421052631579,0.49047931713722914,0.563973063973064,0.3738105797416127,0.5052023338389023,0.3653157774650013
support,2406.0,588.0,3170.0,1175.0,1571.0,0.563973063973064,8910.0,8910.0,0.3653157774650013
,0.0,1.0,2.0,3.0,4.0,accuracy,macro avg,weighted avg,cohen
precision,0.438681141938078,0.0,0.9772727272727273,0.917312661498708,0.38101347017318793,0.46273849607182943,0.5428560001765402,0.6543025714770618,0.3061680974330535
recall,0.9068994181213632,0.0,0.013564668769716088,0.6042553191489362,0.7562062380649268,0.46273849607182943,0.4561851288209885,0.46273849607182943,0.3061680974330535
f1-score,0.5913279132791328,0.0,0.026757934038581208,0.728578758337609,0.5067178502879078,0.46273849607182943,0.3706764911886461,0.35462305208764194,0.3061680974330535
support,2406.0,588.0,3170.0,1175.0,1571.0,0.46273849607182943,8910.0,8910.0,0.3061680974330535
,0.0,1.0,2.0,3.0,4.0,accuracy,macro avg,weighted avg,cohen
precision,0.9649890590809628,0.0,0.7408816999682841,0.8475836431226765,0.4023579201934704,0.662401795735129,0.5911624644730787,0.7068881861213631,0.5505563109277349
recall,0.5498753117206983,0.0,0.7369085173501577,0.7761702127659574,0.8472310630171865,0.662401795735129,0.5820370209708,0.662401795735129,0.5505563109277349
f1-score,0.7005559968228752,0.0,0.7388897675154199,0.8103065304309196,0.5456036072965771,0.662401795735129,0.5590711804131583,0.6551146724690204,0.5505563109277349
support,2406.0,588.0,3170.0,1175.0,1571.0,0.662401795735129,8910.0,8910.0,0.5505563109277349
,0.0,1.0,2.0,3.0,4.0,accuracy,macro avg,weighted avg,cohen
precision,0.7230134932533733,0.0,0.6440835266821345,0.7552447552447552,0.6653386454183267,0.6867564534231201,0.5575360841197179,0.6412990845920046,0.5624737628282834
recall,0.8017456359102244,0.0,0.8757097791798107,0.9191489361702128,0.2126034373010821,0.6867564534231201,0.561841557712266,0.6867564534231201,0.5624737628282834
f1-score,0.7603468663776114,0.0,0.7422459893048129,0.8291746641074855,0.32223830197780995,0.6867564534231201,0.530801164353544,0.6355590291059735,0.5624737628282834
support,2406.0,588.0,3170.0,1175.0,1571.0,0.6867564534231201,8910.0,8910.0,0.5624737628282834
,0.0,1.0,2.0,3.0,4.0,accuracy,macro avg,weighted avg,cohen
precision,0.6608811748998665,0.1875,0.8813793103448276,0.9238302502720348,0.4032201610080504,0.6047138047138048,0.6113621793049558,0.6973357954675051,0.490654743505767
recall,0.8229426433915212,0.2193877551020408,0.4031545741324921,0.7225531914893617,0.7332908975175048,0.6047138047138048,0.5802658123265841,0.6047138047138048,0.490654743505767
f1-score,0.73306182895224,0.2021943573667712,0.5532467532467532,0.8108882521489971,0.5203252032520326,0.6047138047138048,0.5639432789933588,0.6068073895585829,0.490654743505767
support,2406.0,588.0,3170.0,1175.0,1571.0,0.6047138047138048,8910.0,8910.0,0.490654743505767
,0.0,1.0,2.0,3.0,4.0,accuracy,macro avg,weighted avg,cohen
precision,0.958904109589041,0.17515274949083504,0.7056173820879703,0.7996515679442509,0.6577266922094508,0.6318742985409652,0.6594105002643096,0.7429628991454827,0.5185755259847529
recall,0.4945968412302577,0.5850340136054422,0.8400630914826498,0.7812765957446809,0.32781667727562064,0.6318742985409652,0.6057574438677302,0.6318742985409652,0.5185755259847529
f1-score,0.6525911708253359,0.2695924764890282,0.7669930875576038,0.790357296599225,0.43755310110450296,0.6318742985409652,0.5834174265151392,0.6482703216698287,0.5185755259847529
support,2406.0,588.0,3170.0,1175.0,1571.0,0.6318742985409652,8910.0,8910.0,0.5185755259847529
,0.0,1.0,2.0,3.0,4.0,accuracy,macro avg,weighted avg,cohen
precision,0.8227210261108566,0.19786096256684493,0.6520917040888679,0.8464052287581699,0.7091988130563798,0.6750841750841751,0.6456555469162237,0.7038852094137102,0.5568430298357776
recall,0.7464671654197839,0.31462585034013607,0.8703470031545741,0.8817021276595745,0.15213239974538512,0.6750841750841751,0.5930549092638907,0.6750841750841751,0.5568430298357776
f1-score,0.7827413379821311,0.2429415627051871,0.7455749223077963,0.8636932055022927,0.25052410901467503,0.6750841750841751,0.5770950275024165,0.6507307175643793,0.5568430298357776
support,2406.0,588.0,3170.0,1175.0,1571.0,0.6750841750841751,8910.0,8910.0,0.5568430298357776
,0.0,1.0,2.0,3.0,4.0,accuracy,macro avg,weighted avg,cohen
precision,0.6535157492841235,0.0,0.6105287677614721,0.953360768175583,0.5879194630872483,0.6518518518518519,0.5610649496616854,0.6230701981703529,0.5081208199385153
recall,0.8536990856192851,0.0,0.826813880126183,0.5914893617021276,0.2788033099936346,0.6518518518518519,0.510161127488246,0.6518518518518519,0.5081208199385153
f1-score,0.7403135700126149,0.0,0.7023984992630309,0.7300420168067226,0.37823834196891193,0.6518518518518519,0.5101984856102562,0.6127732319972187,0.5081208199385153
support,2406.0,588.0,3170.0,1175.0,1571.0,0.6518518518518519,8910.0,8910.0,0.5081208199385153
,0.0,1.0,2.0,3.0,4.0,accuracy,macro avg,weighted avg,cohen
precision,0.6466908133026013,0.20491803278688525,0.669037037037037,0.7670157068062827,0.5911552346570397,0.6516273849607183,0.5757633649179692,0.6315629221813407,0.5244047983652671
recall,0.8162926018287614,0.08503401360544217,0.7123028391167192,0.7480851063829788,0.41693189051559515,0.6516273849607183,0.5557292902898993,0.6516273849607183,0.5244047983652671
f1-score,0.7216608487966195,0.12019230769230768,0.6899923605805958,0.7574321413183972,0.4889884285181037,0.6516273849607183,0.5556532173812048,0.6343937653669236,0.5244047983652671
support,2406.0,588.0,3170.0,1175.0,1571.0,0.6516273849607183,8910.0,8910.0,0.5244047983652671
,0.0,1.0,2.0,3.0,4.0,accuracy,macro avg,weighted avg,cohen
precision,0.7196442382057231,0.15387642660369932,0.8087371512481645,0.8999037536092397,0.65,0.6063973063973064,0.6464323139333653,0.7254968637388871,0.4942543346982171
recall,0.7734829592684954,0.6649659863945578,0.6949526813880126,0.7957446808510639,0.008274984086569064,0.6063973063973064,0.5874842583977398,0.6063973063973064,0.4942543346982171
f1-score,0.7455929487179487,0.24992010226909553,0.7475398710553105,0.844625112917796,0.016341923318667503,0.6063973063973064,0.5208039916557636,0.5980537278571251,0.4942543346982171
support,2406.0,588.0,3170.0,1175.0,1571.0,0.6063973063973064,8910.0,8910.0,0.4942543346982171
,0.0,1.0,2.0,3.0,4.0,accuracy,macro avg,weighted avg,cohen
precision,0.8675062972292191,0.0,0.4623115577889447,0.9933333333333333,0.4444444444444444,0.5615039281705948,0.5535191265591883,0.6080961479476257,0.342854129495229
recall,0.71571072319202,0.0,0.9867507886435332,0.12680851063829787,0.002546148949713558,0.5615039281705948,0.3663632342847129,0.5615039281705948,0.342854129495229
f1-score,0.7843315873377362,0.0,0.6296296296296297,0.2249056603773585,0.0050632911392405056,0.5615039281705948,0.328786033696793,0.46635761014406985,0.342854129495229
support,2406.0,588.0,3170.0,1175.0,1571.0,0.5615039281705948,8910.0,8910.0,0.342854129495229
,0.0,1.0,2.0,3.0,4.0,accuracy,macro avg,weighted avg,cohen
precision,0.9201465201465201,0.6666666666666666,0.8331637843336724,0.9423298731257209,0.27406886858749124,0.49988776655443323,0.7272751425720143,0.761481651771486,0.37004605730671547
recall,0.5220282626766417,0.003401360544217687,0.2583596214511041,0.6953191489361702,0.9929980903882877,0.49988776655443323,0.49442129679928426,0.49988776655443323,0.37004605730671547
f1-score,0.6661363033678068,0.0067681895093062595,0.3944136768601011,0.8001958863858961,0.429574555968608,0.49988776655443323,0.4594177224183437,0.5019177094176259,0.37004605730671547
support,2406.0,588.0,3170.0,1175.0,1571.0,0.49988776655443323,8910.0,8910.0,0.37004605730671547
,0.0,1.0,2.0,3.0,4.0,accuracy,macro avg,weighted avg,cohen
precision,0.6846600614964127,0.20372836218375498,0.7739602169981917,0.9626666666666667,0.49155503785672683,0.6580246913580247,0.6233140690403506,0.6873069102822599,0.5441811942197945
recall,0.8329177057356608,0.2602040816326531,0.6750788643533123,0.614468085106383,0.5372374283895608,0.6580246913580247,0.583981233043514,0.6580246913580247,0.5441811942197945
f1-score,0.7515469716857303,0.22852875280059745,0.7211457455770851,0.7501298701298701,0.51338199513382,0.6580246913580247,0.5929466670654207,0.6640353137777559,0.5441811942197945
support,2406.0,588.0,3170.0,1175.0,1571.0,0.6580246913580247,8910.0,8910.0,0.5441811942197945
,0.0,1.0,2.0,3.0,4.0,accuracy,macro avg,weighted avg,cohen
precision,0.6357864357864358,0.0,0.6336751729072263,0.9867256637168141,0.6403508771929824,0.6442199775533108,0.5793076299206917,0.6401623283451744,0.49456627474155235
recall,0.9156275976724855,0.0,0.8381703470031546,0.18978723404255318,0.41820496499045196,0.6442199775533108,0.472358028741729,0.6442199775533108,0.49456627474155235
f1-score,0.7504684040197581,0.0,0.7217166915659378,0.31834403997144894,0.5059684251058915,0.6442199775533108,0.4592995121326073,0.5906172317781558,0.49456627474155235
support,2406.0,588.0,3170.0,1175.0,1571.0,0.6442199775533108,8910.0,8910.0,0.49456627474155235
,0.0,1.0,2.0,3.0,4.0,accuracy,macro avg,weighted avg,cohen
precision,0.9743816254416962,0.018518518518518517,0.9239543726235742,0.8723809523809524,0.24473561066916238,0.43007856341189676,0.6067942159267807,0.7512585526742103,0.2984579946402446
recall,0.45843724023275145,0.0017006802721088435,0.07665615141955837,0.7795744680851063,0.9987269255251432,0.43007856341189676,0.4630190931069336,0.43007856341189676,0.2984579946402446
f1-score,0.6235161107970605,0.003115264797507788,0.1415671424410137,0.8233707865168539,0.3931345527436733,0.43007856341189676,0.39694077145922185,0.39684112641237823,0.2984579946402446
support,2406.0,588.0,3170.0,1175.0,1571.0,0.43007856341189676,8910.0,8910.0,0.2984579946402446
,0.0,1.0,2.0,3.0,4.0,accuracy,macro avg,weighted avg,cohen
precision,0.9619312906220984,0.11228978007761967,0.8232704402515724,0.9366197183098591,0.46788990825688076,0.4815937149270483,0.660400227503606,0.7660812105954588,0.37724149114044303
recall,0.4305901911886949,0.7380952380952381,0.4129337539432177,0.6791489361702128,0.45448758752387014,0.4815937149270483,0.5430511413842468,0.4815937149270483,0.37724149114044303
f1-score,0.5948894631065174,0.19492476981810014,0.55,0.7873704982733103,0.46109137875363254,0.4815937149270483,0.5176552219903121,0.5543159039708665,0.37724149114044303
support,2406.0,588.0,3170.0,1175.0,1571.0,0.4815937149270483,8910.0,8910.0,0.37724149114044303
,0.0,1.0,2.0,3.0,4.0,accuracy,macro avg,weighted avg,cohen
precision,0.8963825873697119,0.0,0.8784576697401508,0.9184505606523955,0.30244857982370227,0.5561167227833894,0.5991478795171921,0.7290385461231658,0.43626065386504453
recall,0.6076475477971738,0.0,0.3305993690851735,0.7668085106382979,0.9828134945894335,0.5561167227833894,0.5375737844220158,0.5561167227833894,0.43626065386504453
f1-score,0.7243002229378251,0.0,0.48040339216135686,0.8358070500927645,0.46255242660275614,0.5561167227833894,0.5006126183589406,0.558281507922765,0.43626065386504453
support,2406.0,588.0,3170.0,1175.0,1571.0,0.5561167227833894,8910.0,8910.0,0.43626065386504453
,0.0,1.0,2.0,3.0,4.0,accuracy,macro avg,weighted avg,cohen
precision,0.5938261575954509,0.13168724279835392,0.6895793236183668,0.8572642310960068,0.75625,0.6580246913580247,0.6057213910216357,0.6607742436978808,0.5253398943248588
recall,0.9114713216957606,0.05442176870748299,0.7911671924290221,0.8587234042553191,0.07702100572883513,0.6580246913580247,0.5385609385632839,0.6580246913580247,0.5253398943248588
f1-score,0.7191342843089031,0.07701564380264742,0.736888497135302,0.8579931972789115,0.13980358174465626,0.6580246913580247,0.506167040854084,0.5992404327997375,0.5253398943248588
support,2406.0,588.0,3170.0,1175.0,1571.0,0.6580246913580247,8910.0,8910.0,0.5253398943248588
,0.0,1.0,2.0,3.0,4.0,accuracy,macro avg,weighted avg,cohen
precision,0.9028540065861691,0.0,0.5287831782144088,0.9412915851272016,0.5407503234152652,0.6298540965207632,0.5827358186686089,0.6514080567223167,0.4637353747653754
recall,0.6837073981712386,0.0,0.9678233438485805,0.4093617021276596,0.26607256524506684,0.6298540965207632,0.4653930018785092,0.6298540965207632,0.4637353747653754
f1-score,0.7781456953642384,0.0,0.6839054837271512,0.5705812574139977,0.3566552901023891,0.6298540965207632,0.4778575453215552,0.5915754618040098,0.4637353747653754
support,2406.0,588.0,3170.0,1175.0,1571.0,0.6298540965207632,8910.0,8910.0,0.4637353747653754
,0.0,1.0,2.0,3.0,4.0,accuracy,macro avg,weighted avg,cohen
precision,0.9782783588093322,0.0,0.7360767326732673,0.8018867924528302,0.3831805248182106,0.6539842873176207,0.579884481750728,0.6993596587531982,0.5397838997972283
recall,0.5054031587697423,0.0,0.7504731861198738,0.8680851063829788,0.7714831317632082,0.6539842873176207,0.5790889166071607,0.6539842873176207,0.5397838997972283
f1-score,0.6664839682104686,0.0,0.7432052483598874,0.8336738863914999,0.5120405576679341,0.6539842873176207,0.5510807321259581,0.6446131983638123,0.5397838997972283
support,2406.0,588.0,3170.0,1175.0,1571.0,0.6539842873176207,8910.0,8910.0,0.5397838997972283
,0.0,1.0,2.0,3.0,4.0,accuracy,macro avg,weighted avg,cohen
precision,0.8441190363722249,0.3333333333333333,0.502356574028929,0.971473851030111,0.5,0.6167227833894501,0.6302565589529195,0.6449385540004106,0.4369105390118725
recall,0.7427265170407316,0.0017006802721088435,0.9750788643533123,0.5217021276595745,0.0019096117122851686,0.6167227833894501,0.4486235602076024,0.6167227833894501,0.4369105390118725
f1-score,0.7901835065222198,0.0033840947546531297,0.6630912796310201,0.6788482834994464,0.0038046924540266324,0.6167227833894501,0.42786237137227323,0.5397075898760556,0.4369105390118725
support,2406.0,588.0,3170.0,1175.0,1571.0,0.6167227833894501,8910.0,8910.0,0.4369105390118725
,0.0,1.0,2.0,3.0,4.0,accuracy,macro avg,weighted avg,cohen
precision,0.953083109919571,0.0,0.4623513870541612,0.9015817223198594,0.37142857142857144,0.5721661054994388,0.5376889581444326,0.6062451929145117,0.3648685163469373
recall,0.5910224438902744,0.0,0.9936908517350158,0.43659574468085105,0.008274984086569064,0.5721661054994388,0.4059168048785421,0.5721661054994388,0.3648685163469373
f1-score,0.7296049256028734,0.0,0.6310728238004608,0.588302752293578,0.0161892901618929,0.5721661054994388,0.393033958371761,0.501977487232016,0.3648685163469373
support,2406.0,588.0,3170.0,1175.0,1571.0,0.5721661054994388,8910.0,8910.0,0.3648685163469373
,0.0,1.0,2.0,3.0,4.0,accuracy,macro avg,weighted avg,cohen
precision,0.7288851351351351,0.0,0.9404145077720207,0.5065047701647876,0.39867205542725176,0.5612794612794613,0.514895293699839,0.6684925397073265,0.44796149772368765
recall,0.7173732335827099,0.0,0.22902208201892746,0.9940425531914894,0.879057924888606,0.5612794612794613,0.5638991587363466,0.5612794612794613,0.44796149772368765
f1-score,0.7230833682446586,0.0,0.36834094368340947,0.6710715311692043,0.5485600794438928,0.5612794612794613,0.46221118450823306,0.5115237159824048,0.44796149772368765
support,2406.0,588.0,3170.0,1175.0,1571.0,0.5612794612794613,8910.0,8910.0,0.44796149772368765
,0.0,1.0,2.0,3.0,4.0,accuracy,macro avg,weighted avg,cohen
precision,0.9511173184357542,0.12481716235982447,0.8726985796948974,0.7559322033898305,0.0,0.5216610549943883,0.5409130527760613,0.6752475416655306,0.422630525770632
recall,0.5660847880299252,0.8707482993197279,0.5233438485804417,0.948936170212766,0.0,0.5216610549943883,0.5818226212285722,0.5216610549943883,0.422630525770632
f1-score,0.709744658676394,0.2183368869936034,0.6543088148294222,0.8415094339622641,0.0,0.5216610549943883,0.4847799588923367,0.5498271903751483,0.422630525770632
support,2406.0,588.0,3170.0,1175.0,1571.0,0.5216610549943883,8910.0,8910.0,0.422630525770632
,0.0,1.0,2.0,3.0,4.0,accuracy,macro avg,weighted avg,cohen
precision,0.8303700144161461,0.0,0.7768679631525077,0.9508816120906801,0.36363636363636365,0.6156004489337823,0.5843511906591395,0.6901347159773259,0.49843311865507645
recall,0.7182044887780549,0.0,0.4788643533123028,0.6425531914893617,0.9446212603437301,0.6156004489337823,0.5568486587846898,0.6156004489337823,0.49843311865507645
f1-score,0.7702250947180745,0.0,0.5925058548009369,0.7668867445403759,0.5251238499646144,0.6156004489337823,0.5309483088048004,0.612510284033671,0.49843311865507645
support,2406.0,588.0,3170.0,1175.0,1571.0,0.6156004489337823,8910.0,8910.0,0.49843311865507645
,0.0,1.0,2.0,3.0,4.0,accuracy,macro avg,weighted avg,cohen
precision,0.8980526918671249,0.16666666666666666,0.7591954022988506,0.776962582538518,0.7228915662650602,0.6399551066217732,0.6647537819272441,0.7535306270488021,0.5322479654875922
recall,0.6517040731504572,0.6343537414965986,0.8334384858044164,0.9012765957446809,0.03819223424570337,0.6399551066217732,0.6117930260883713,0.6399551066217732,0.5322479654875922
f1-score,0.7552986512524085,0.2639773531493277,0.7945864661654135,0.8345153664302601,0.07255139056831922,0.6399551066217732,0.5441858455131457,0.6269180837764137,0.5322479654875922
support,2406.0,588.0,3170.0,1175.0,1571.0,0.6399551066217732,8910.0,8910.0,0.5322479654875922
,0.0,1.0,2.0,3.0,4.0,accuracy,macro avg,weighted avg,cohen
precision,0.8571428571428571,0.0,0.5244630071599046,0.5424044734389561,0.2857142857142857,0.5931537598204265,0.4419449246912007,0.5399568850876013,0.4309274097972262
recall,0.6159600997506235,0.0,0.8318611987381703,0.9906382978723405,0.001273074474856779,0.5931537598204265,0.4879465341671983,0.5931537598204265,0.4309274097972262
f1-score,0.716807738814994,0.0,0.6433276408880215,0.7009936766034326,0.0025348542458808613,0.5931537598204265,0.4127327821104658,0.51533533863448,0.4309274097972262
support,2406.0,588.0,3170.0,1175.0,1571.0,0.5931537598204265,8910.0,8910.0,0.4309274097972262
,0.0,1.0,2.0,3.0,4.0,accuracy,macro avg,weighted avg,cohen
precision,0.8971612212104981,0.27586206896551724,0.7439098660170523,0.8508474576271187,0.44823529411764707,0.704040404040404,0.6432031815875667,0.7163742401603733,0.602282075751094
recall,0.6961762261014132,0.013605442176870748,0.7706624605678234,0.854468085106383,0.7275620623806492,0.704040404040404,0.612494855266628,0.704040404040404,0.602282075751094
f1-score,0.7839925111163119,0.02593192868719611,0.75704989154013,0.8526539278131635,0.5547197282213056,0.704040404040404,0.5948695974756213,0.6930095589463825,0.602282075751094
support,2406.0,588.0,3170.0,1175.0,1571.0,0.704040404040404,8910.0,8910.0,0.602282075751094
,0.0,1.0,2.0,3.0,4.0,accuracy,macro avg,weighted avg,cohen
precision,0.986013986013986,0.09740259740259741,0.7355704697986577,0.8829953198127926,0.2909199522102748,0.508641975308642,0.5985804650476616,0.7021251978211556,0.36578075529587084
recall,0.3516209476309227,0.025510204081632654,0.5186119873817034,0.4817021276595745,0.9299809038828771,0.508641975308642,0.4614852341273421,0.508641975308642,0.36578075529587084
f1-score,0.5183823529411765,0.04043126684636118,0.6083256244218316,0.6233480176211454,0.4431973305020477,0.508641975308642,0.4467369184665125,0.5194265636838272,0.36578075529587084
support,2406.0,588.0,3170.0,1175.0,1571.0,0.508641975308642,8910.0,8910.0,0.36578075529587084
,0.0,1.0,2.0,3.0,4.0,accuracy,macro avg,weighted avg,cohen
precision,0.8037803780378038,0.1927710843373494,0.8125,0.7603021978021978,0.5197582519758251,0.7138047138047138,0.6178223824306353,0.7107480677240091,0.6202369472068265
recall,0.742310889443059,0.08163265306122448,0.7258675078864353,0.9421276595744681,0.7116486314449395,0.7138047138047138,0.6407174682820254,0.7138047138047138,0.6202369472068265
f1-score,0.7718236819360413,0.11469534050179211,0.7667444185271576,0.8415051311288483,0.6007522837184308,0.7138047138047138,0.6191041711624541,0.7056766343975656,0.6202369472068265
support,2406.0,588.0,3170.0,1175.0,1571.0,0.7138047138047138,8910.0,8910.0,0.6202369472068265
,0.0,1.0,2.0,3.0,4.0,accuracy,macro avg,weighted avg,cohen
precision,0.9091422121896162,0.0,0.6956956956956957,0.7849223946784922,0.5237562884292901,0.7171717171717171,0.5827033181986188,0.6888727789846482,0.6132562978479755
recall,0.669576059850374,0.0,0.8769716088328076,0.9038297872340425,0.596435391470401,0.7171717171717171,0.609362569477525,0.7171717171717171,0.6132562978479755
f1-score,0.771182383915749,0.0,0.7758861289422271,0.8401898734177214,0.5577380952380953,0.7171717171717171,0.5889992963027585,0.6934291238308667,0.6132562978479755
support,2406.0,588.0,3170.0,1175.0,1571.0,0.7171717171717171,8910.0,8910.0,0.6132562978479755
,0.0,1.0,2.0,3.0,4.0,accuracy,macro avg,weighted avg,cohen
precision,0.9040097205346294,0.0,0.8988173455978975,0.7593984962406015,0.3505491937368544,0.6135802469135803,0.5825549512219965,0.725847855173396,0.5064950713260165
recall,0.6184538653366584,0.0,0.43154574132492113,0.945531914893617,0.9548058561425843,0.6135802469135803,0.5900674755395562,0.6135802469135803,0.5064950713260165
f1-score,0.7344521224086871,0.0,0.5831202046035805,0.8423047763457164,0.5128205128205128,0.6135802469135803,0.5345395232356994,0.6072875412969577,0.5064950713260165
support,2406.0,588.0,3170.0,1175.0,1571.0,0.6135802469135803,8910.0,8910.0,0.5064950713260165
,0.0,1.0,2.0,3.0,4.0,accuracy,macro avg,weighted avg,cohen
precision,0.6795341098169717,0.0,0.7995310668229777,0.9575402635431918,0.46751783702591065,0.6719416386083052,0.5808246554418104,0.6766613784151996,0.5590254727984665
recall,0.8487115544472152,0.0,0.6454258675078864,0.556595744680851,0.792488860598345,0.6719416386083052,0.5686444054468596,0.6719416386083052,0.5590254727984665
f1-score,0.754758824616522,0.0,0.7142607784953743,0.7039827771797631,0.5880963627775153,0.6719416386083052,0.5522197486138349,0.6544596575720972,0.5590254727984665
support,2406.0,588.0,3170.0,1175.0,1571.0,0.6719416386083052,8910.0,8910.0,0.5590254727984665
,0.0,1.0,2.0,3.0,4.0,accuracy,macro avg,weighted avg,cohen
precision,0.5258462946020128,0.0,0.8853626943005182,0.840983606557377,0.4881623449830891,0.6237934904601571,0.5480709880885994,0.6539668582961208,0.5001798536650202
recall,0.955527847049044,0.0,0.4312302839116719,0.8731914893617021,0.5512412476129853,0.6237934904601571,0.5622381735870807,0.6237934904601571,0.5001798536650202
f1-score,0.6783712009442314,0.0,0.5799745439117522,0.85678496868476,0.5177877428998504,0.6237934904601571,0.5265836912881188,0.5938100219946502,0.5001798536650202
support,2406.0,588.0,3170.0,1175.0,1571.0,0.6237934904601571,8910.0,8910.0,0.5001798536650202
,0.0,1.0,2.0,3.0,4.0,accuracy,macro avg,weighted avg,cohen
precision,0.6295093795093795,0.0,0.6698199572779981,0.4878964941569282,0.7096774193548387,0.6104377104377104,0.4993806500598289,0.5977677259384583,0.47390091544640567
recall,0.7252701579384871,0.0,0.692429022082019,0.9948936170212765,0.21005728835136855,0.6104377104377104,0.5245300170786302,0.6104377104377104,0.47390091544640567
f1-score,0.6740054074932406,0.0,0.6809368698619512,0.6547185662279473,0.3241650294695481,0.6104377104377104,0.4667651746105374,0.5677648108311583,0.47390091544640567
support,2406.0,588.0,3170.0,1175.0,1571.0,0.6104377104377104,8910.0,8910.0,0.47390091544640567
,0.0,1.0,2.0,3.0,4.0,accuracy,macro avg,weighted avg,cohen
precision,0.9712313003452244,0.35714285714285715,0.4920091324200913,0.5897161221210498,0.0,0.5585858585858586,0.4820198824058446,0.538649596172226,0.3701875929236701
recall,0.3507896924355777,0.025510204081632654,0.9517350157728707,0.9370212765957446,0.0,0.5585858585858586,0.4530112377771651,0.5585858585858586,0.3701875929236701
f1-score,0.5154198473282443,0.047619047619047616,0.6486777037196302,0.7238658777120316,0.0,0.5585858585858586,0.38711649527579073,0.46856912230916054,0.3701875929236701
support,2406.0,588.0,3170.0,1175.0,1571.0,0.5585858585858586,8910.0,8910.0,0.3701875929236701
,0.0,1.0,2.0,3.0,4.0,accuracy,macro avg,weighted avg,cohen
precision,0.8018264840182648,0.17660044150110377,0.9043942992874109,0.7341606792945787,0.43414154652686765,0.6518518518518519,0.6102246901256452,0.7233042285809793,0.5536416667389366
recall,0.7298420615128844,0.1360544217687075,0.4804416403785489,0.9565957446808511,0.8434118395926161,0.6518518518518519,0.6292691415867215,0.6518518518518519,0.5536416667389366
f1-score,0.76414273281114,0.1536983669548511,0.6275236918005769,0.8307464892830746,0.573220852260437,0.6518518518518519,0.5898664266220159,0.6503714076015312,0.5536416667389366
support,2406.0,588.0,3170.0,1175.0,1571.0,0.6518518518518519,8910.0,8910.0,0.5536416667389366
,0.0,1.0,2.0,3.0,4.0,accuracy,macro avg,weighted avg,cohen
precision,0.5713176287859176,0.16760404949381327,0.7235329703569268,0.956989247311828,0.75,0.6218855218855219,0.6338887791896971,0.6811956540498469,0.4828718580989624
recall,0.9172901080631753,0.2534013605442177,0.7545741324921136,0.6059574468085106,0.051559516231699555,0.6218855218855219,0.5165565128279435,0.6218855218855219,0.4828718580989624
f1-score,0.7040995374062848,0.2017603249830738,0.7387276096355774,0.7420531526836893,0.0964860035735557,0.6218855218855219,0.4966253256564362,0.5811399603425073,0.4828718580989624
support,2406.0,588.0,3170.0,1175.0,1571.0,0.6218855218855219,8910.0,8910.0,0.4828718580989624
,0.0,1.0,2.0,3.0,4.0,accuracy,macro avg,weighted avg,cohen
precision,0.9771054783319706,0.0,0.6637318943481966,0.9194078947368421,0.3896434634974533,0.613692480359147,0.5899777461828924,0.6899416434815706,0.48023107620308914
recall,0.49667497921862014,0.0,0.737223974763407,0.4757446808510638,0.8765117759388924,0.613692480359147,0.5172310821543966,0.613692480359147,0.48023107620308914
f1-score,0.6585836318545053,0.0,0.6985502914362577,0.6270330902972518,0.5394711067580803,0.613692480359147,0.5047276240692191,0.6041784098665648,0.48023107620308914
support,2406.0,588.0,3170.0,1175.0,1571.0,0.613692480359147,8910.0,8910.0,0.48023107620308914
,0.0,1.0,2.0,3.0,4.0,accuracy,macro avg,weighted avg,cohen
precision,0.8803852002027369,0.190224570673712,0.7460925980536715,0.8652173913043478,0.5472849298352654,0.7074074074074074,0.6458409380139468,0.7263285560749582,0.6097407480267634
recall,0.7219451371571073,0.24489795918367346,0.7981072555205048,0.8468085106382979,0.5709739019732655,0.7074074074074074,0.6365465528945699,0.7074074074074074,0.6097407480267634
f1-score,0.7933318109157341,0.21412639405204462,0.7712238987959154,0.8559139784946237,0.5588785046728972,0.7074074074074074,0.638694917386243,0.7141570675107984,0.6097407480267634
support,2406.0,588.0,3170.0,1175.0,1571.0,0.7074074074074074,8910.0,8910.0,0.6097407480267634
,0.0,1.0,2.0,3.0,4.0,accuracy,macro avg,weighted avg,cohen
precision,0.8751842751842752,0.1925925925925926,0.7588981739399566,0.8578680203045685,0.4908759124087591,0.7154882154882155,0.6350837948860304,0.718721212590292,0.6188412379427598
recall,0.7402327514546966,0.08843537414965986,0.7735015772870663,0.8629787234042553,0.6849140674729471,0.7154882154882155,0.630012498753725,0.7154882154882155,0.6188412379427598
f1-score,0.8020716054942582,0.12121212121212122,0.7661302921418528,0.8604157827747136,0.5718841349986713,0.7154882154882155,0.6243427873243234,0.7114599951767437,0.6188412379427598
support,2406.0,588.0,3170.0,1175.0,1571.0,0.7154882154882155,8910.0,8910.0,0.6188412379427598
,0.0,1.0,2.0,3.0,4.0,accuracy,macro avg,weighted avg,cohen
precision,0.83772910147519,0.16483516483516483,0.7530139103554868,0.8689533861037819,0.5152297367062467,0.7133557800224467,0.6279522598951741,0.7104376583542912,0.6153321482336744
recall,0.7788861180382377,0.10204081632653061,0.7684542586750789,0.8408510638297872,0.6352641629535328,0.7133557800224467,0.6250992839646334,0.7133557800224467,0.6153321482336744
f1-score,0.8072367004092181,0.12605042016806725,0.760655737704918,0.8546712802768167,0.5689851767388826,0.7133557800224467,0.6235198630595805,0.709957609848489,0.6153321482336744
support,2406.0,588.0,3170.0,1175.0,1571.0,0.7133557800224467,8910.0,8910.0,0.6153321482336744
,0.0,1.0,2.0,3.0,4.0,accuracy,macro avg,weighted avg,cohen
precision,0.7597305389221557,0.19428571428571428,0.7243443557582668,0.9219712525667351,0.5689900426742532,0.7112233445566779,0.633864380841425,0.6975895469368775,0.6066318447863748
recall,0.8437240232751455,0.11564625850340136,0.8015772870662461,0.7642553191489362,0.5092297899427116,0.7112233445566779,0.6068865355872881,0.7112233445566779,0.6066318447863748
f1-score,0.7995273729814888,0.14498933901918976,0.761006289308176,0.8357375523499302,0.5374538125629829,0.7112233445566779,0.6157428732443535,0.7011939496510973,0.6066318447863748
support,2406.0,588.0,3170.0,1175.0,1571.0,0.7112233445566779,8910.0,8910.0,0.6066318447863748
,0.0,1.0,2.0,3.0,4.0,accuracy,macro avg,weighted avg,cohen
precision,0.8019222732971166,0.1761467889908257,0.8129384255650819,0.8625106746370623,0.49217002237136465,0.6970819304152638,0.6291376369722902,0.7179195576166936,0.6011181322844433
recall,0.7975893599334996,0.16326530612244897,0.6580441640378549,0.8595744680851064,0.7001909611712285,0.6970819304152638,0.6357328518700276,0.6970819304152638,0.6011181322844433
f1-score,0.7997499479058138,0.16946160635481025,0.7273361227336123,0.8610400682011936,0.5780346820809249,0.6970819304152638,0.6271244854552709,0.7013818040346916,0.6011181322844433
support,2406.0,588.0,3170.0,1175.0,1571.0,0.6970819304152638,8910.0,8910.0,0.6011181322844433
,0.0,1.0,2.0,3.0,4.0,accuracy,macro avg,weighted avg,cohen
precision,0.859004187994416,0.1967799642218247,0.6864406779661016,0.906832298136646,0.5906862745098039,0.7080808080808081,0.6479486805657585,0.7129050204259262,0.6012089910470855
recall,0.7672485453034081,0.1870748299319728,0.8687697160883281,0.745531914893617,0.46021642266072565,0.7080808080808081,0.6057682857756104,0.7080808080808081,0.6012089910470855
f1-score,0.8105378704720088,0.1918047079337402,0.7669172932330827,0.8183092013078,0.5173524150268336,0.7080808080808081,0.6209842975946931,0.7035170661855651,0.6012089910470855
support,2406.0,588.0,3170.0,1175.0,1571.0,0.7080808080808081,8910.0,8910.0,0.6012089910470855
,0.0,1.0,2.0,3.0,4.0,accuracy,macro avg,weighted avg,cohen
precision,0.8095838587641866,0.18414918414918416,0.7159747044267253,0.8570190641247833,0.5758962623951183,0.7130190796857464,0.6285246147719995,0.7000570960795087,0.6103304363049797
recall,0.800498753117207,0.13435374149659865,0.8214511041009463,0.8417021276595744,0.4805856142584341,0.7130190796857464,0.6157182681265521,0.7130190796857464,0.6103304363049797
f1-score,0.8050156739811912,0.1553588987217306,0.7650947553988541,0.8492915414340919,0.5239417071478141,0.7130190796857464,0.6197405153367364,0.7042198767425101,0.6103304363049797
support,2406.0,588.0,3170.0,1175.0,1571.0,0.7130190796857464,8910.0,8910.0,0.6103304363049797
,0.0,1.0,2.0,3.0,4.0,accuracy,macro avg,weighted avg,cohen
precision,0.9213547646383468,0.17269076305220885,0.7730819245773732,0.8315262718932444,0.48183716075156574,0.6980920314253648,0.6360981769825478,0.7298542067699335,0.6004133525049475
recall,0.6670822942643392,0.14625850340136054,0.7501577287066246,0.8485106382978723,0.7345639719923616,0.6980920314253648,0.6293146273325115,0.6980920314253648,0.6004133525049475
f1-score,0.7738669238187078,0.15837937384898712,0.7614473262888248,0.839932603201348,0.5819465456379224,0.6980920314253648,0.6231145545591581,0.7037034508221494,0.6004133525049475
support,2406.0,588.0,3170.0,1175.0,1571.0,0.6980920314253648,8910.0,8910.0,0.6004133525049475
,0.0,1.0,2.0,3.0,4.0,accuracy,macro avg,weighted avg,cohen
precision,0.9112328767123288,0.17969821673525377,0.6933913934426229,0.8707607699358387,0.5598824393828068,0.6973063973063973,0.6429931392417702,0.7181659693567123,0.5911325385728852
recall,0.6911886949293433,0.2227891156462585,0.8539432176656151,0.8085106382978723,0.48504137492043287,0.6973063973063973,0.6122946082919044,0.6973063973063973,0.5911325385728852
f1-score,0.7861025762231152,0.19893697798025817,0.7653378569409103,0.8384819064430715,0.519781718963165,0.6973063973063973,0.621728207310104,0.6999160570717884,0.5911325385728852
support,2406.0,588.0,3170.0,1175.0,1571.0,0.6973063973063973,8910.0,8910.0,0.5911325385728852
,0.0,1.0,2.0,3.0,4.0,accuracy,macro avg,weighted avg,cohen
precision,0.8830706659888155,0.19322033898305085,0.7990359658880237,0.8424140821458508,0.44488759970993474,0.6937149270482604,0.6325257305431351,0.7250258764558744,0.5960761457760484
recall,0.7219451371571073,0.09693877551020408,0.6798107255520505,0.8553191489361702,0.781031190324634,0.6937149270482604,0.6270089954960332,0.6937149270482604,0.5960761457760484
f1-score,0.7944203064257946,0.1291053227633069,0.7346173512868587,0.8488175675675675,0.5668745668745669,0.6937149270482604,0.6147670229836188,0.6962903229042048,0.5960761457760484
support,2406.0,588.0,3170.0,1175.0,1571.0,0.6937149270482604,8910.0,8910.0,0.5960761457760484
,0.0,1.0,2.0,3.0,4.0,accuracy,macro avg,weighted avg,cohen
precision,0.8836973082783138,0.16600790513833993,0.7054284193720064,0.8647912885662432,0.573373676248109,0.6989898989898989,0.6386597195206025,0.7157010404937533,0.5944213816531896
recall,0.7231920199501247,0.21428571428571427,0.8362776025236593,0.811063829787234,0.4824952259707193,0.6989898989898989,0.6134628785034903,0.6989898989898989,0.5944213816531896
f1-score,0.7954285714285715,0.1870824053452116,0.7653002309468822,0.8370663153271849,0.5240235050120982,0.6989898989898989,0.6217802056119897,0.7021999075404257,0.5944213816531896
support,2406.0,588.0,3170.0,1175.0,1571.0,0.6989898989898989,8910.0,8910.0,0.5944213816531896
,0.0,1.0,2.0,3.0,4.0,accuracy,macro avg,weighted avg,cohen
precision,0.8569431500465983,0.2032520325203252,0.6660273315751618,0.8464193270060397,0.5538720538720538,0.7077441077441078,0.6253027790040357,0.6910549675749071,0.5974029676557147
recall,0.7643391521197007,0.08503401360544217,0.8763406940063091,0.8348936170212766,0.41884150222788036,0.7077441077441078,0.5958897957961218,0.7077441077441078,0.5974029676557147
f1-score,0.8079964850615113,0.11990407673860912,0.7568451164691459,0.8406169665809768,0.4769844146429866,0.7077441077441078,0.600469411898646,0.6903265556143963,0.5974029676557147
support,2406.0,588.0,3170.0,1175.0,1571.0,0.7077441077441078,8910.0,8910.0,0.5974029676557147
,0.0,1.0,2.0,3.0,4.0,accuracy,macro avg,weighted avg,cohen
precision,0.8112970711297071,0.1893491124260355,0.7074094104921579,0.8551724137931035,0.5818181818181818,0.7087542087542088,0.6290092379318372,0.6986161405553295,0.6043522222366151
recall,0.8059019118869493,0.16326530612244897,0.8252365930599369,0.8442553191489361,0.4277530235518778,0.7087542087542088,0.6132824307540299,0.7087542087542088,0.6043522222366151
f1-score,0.8085904920767306,0.17534246575342463,0.7617938264414676,0.8496788008565311,0.49303008070432863,0.7087542087542088,0.6176871331664965,0.699930344715152,0.6043522222366151
support,2406.0,588.0,3170.0,1175.0,1571.0,0.7087542087542088,8910.0,8910.0,0.6043522222366151
,0.0,1.0,2.0,3.0,4.0,accuracy,macro avg,weighted avg,cohen
precision,0.7485486211901307,0.17511520737327188,0.7666776207689779,0.8609388839681134,0.5371104815864023,0.7131313131313132,0.6176781629773792,0.6946966933323646,0.613239402003958
recall,0.8574397339983375,0.06462585034013606,0.7359621451104101,0.8272340425531914,0.6034373010821134,0.7131313131313132,0.6177398146168377,0.7131313131313132,0.613239402003958
f1-score,0.7993025958930647,0.09440993788819876,0.7510059552551102,0.84375,0.5683453237410073,0.7131313131313132,0.6113627625554762,0.7007408216557571,0.613239402003958
support,2406.0,588.0,3170.0,1175.0,1571.0,0.7131313131313132,8910.0,8910.0,0.613239402003958
,0.0,1.0,2.0,3.0,4.0,accuracy,macro avg,weighted avg,cohen
precision,0.825780906291245,0.17573221757322174,0.7628267182962246,0.8334700574241182,0.5449438202247191,0.7021324354657688,0.6285507439619058,0.7119813872632093,0.6040647725234399
recall,0.7801330008312551,0.21428571428571427,0.7457413249211357,0.8646808510638297,0.5556970082749841,0.7021324354657688,0.6321075798753838,0.7021324354657688,0.6040647725234399
f1-score,0.8023081855097243,0.19310344827586204,0.7541872706970809,0.8487886382623224,0.5502678852820674,0.7021324354657688,0.6297310856054115,0.7066744632737044,0.6040647725234399
support,2406.0,588.0,3170.0,1175.0,1571.0,0.7021324354657688,8910.0,8910.0,0.6040647725234399
,0.0,1.0,2.0,3.0,4.0,accuracy,macro avg,weighted avg,cohen
precision,0.8876518218623481,0.19005328596802842,0.7127746135069162,0.8753488372093023,0.5376009944064637,0.7065095398428731,0.6406859105906118,0.7160542296633468,0.6039101018143127
recall,0.7290108063175395,0.18197278911564627,0.8290220820189275,0.8008510638297872,0.5506047103755569,0.7065095398428731,0.6182922903314915,0.7065095398428731,0.6039101018143127
f1-score,0.8005476951163853,0.18592528236316247,0.7665159690826893,0.8364444444444444,0.5440251572327044,0.7065095398428731,0.6266917096478771,0.707383073704432,0.6039101018143127
support,2406.0,588.0,3170.0,1175.0,1571.0,0.7065095398428731,8910.0,8910.0,0.6039101018143127
,0.0,1.0,2.0,3.0,4.0,accuracy,macro avg,weighted avg,cohen
precision,0.829105473965287,0.18282548476454294,0.6941085670182661,0.8421970357454228,0.5638801261829653,0.7079685746352413,0.6224233375352968,0.6933883847457066,0.6010219383363122
recall,0.7743142144638404,0.11224489795918367,0.8511041009463722,0.8221276595744681,0.45512412476129854,0.7079685746352413,0.6029829995410326,0.7079685746352413,0.6010219383363122
f1-score,0.8007736943907157,0.13909378292939936,0.7646308629729347,0.8320413436692506,0.5036984853821769,0.7079685746352413,0.6080476338688955,0.6959918505092616,0.6010219383363122
support,2406.0,588.0,3170.0,1175.0,1571.0,0.7079685746352413,8910.0,8910.0,0.6010219383363122
,0.0,1.0,2.0,3.0,4.0,accuracy,macro avg,weighted avg,cohen
precision,0.8929889298892989,0.16978193146417445,0.8073290517567057,0.8111888111888111,0.47066064833812066,0.6881032547699214,0.6303898745274222,0.729534339704757,0.5921762249261628
recall,0.7040731504571903,0.18537414965986396,0.6741324921135646,0.8885106382978724,0.7301082113303629,0.6881032547699214,0.6364397283717709,0.6881032547699214,0.5921762249261628
f1-score,0.7873576574482918,0.1772357723577236,0.7347429946707924,0.8480909829406986,0.5723552894211577,0.6881032547699214,0.6239565393677328,0.698474693121134,0.5921762249261628
support,2406.0,588.0,3170.0,1175.0,1571.0,0.6881032547699214,8910.0,8910.0,0.5921762249261628
,0.0,1.0,2.0,3.0,4.0,accuracy,macro avg,weighted avg,cohen
precision,0.8758689175769613,0.1865671641791045,0.7660609993510707,0.8264058679706602,0.4799482535575679,0.7072951739618406,0.626970240527073,0.7149810412317442,0.6096544099818684
recall,0.7331670822942643,0.08503401360544217,0.7447949526813881,0.8629787234042553,0.7084659452577976,0.7072951739618406,0.6268881434486295,0.7072951739618406,0.6096544099818684
f1-score,0.7981900452488687,0.11682242990654204,0.755278310940499,0.8442964196502913,0.5722365038560411,0.7072951739618406,0.6173647419204484,0.7041976345658966,0.6096544099818684
support,2406.0,588.0,3170.0,1175.0,1571.0,0.7072951739618406,8910.0,8910.0,0.6096544099818684
,0.0,1.0,2.0,3.0,4.0,accuracy,macro avg,weighted avg,cohen
precision,0.8620689655172413,0.1794228356336261,0.7293039243769693,0.8452991452991453,0.5630498533724341,0.701010101010101,0.6358289448398832,0.7148495863116316,0.599804908551558
recall,0.7481296758104738,0.24319727891156462,0.8031545741324921,0.8417021276595744,0.48886059834500317,0.701010101010101,0.6250088509718217,0.701010101010101,0.599804908551558
f1-score,0.8010680907877169,0.2064981949458484,0.7644497823149677,0.8434968017057569,0.5233390119250427,0.701010101010101,0.6277703763358665,0.7054288333041929,0.599804908551558
support,2406.0,588.0,3170.0,1175.0,1571.0,0.701010101010101,8910.0,8910.0,0.599804908551558
,0.0,1.0,2.0,3.0,4.0,accuracy,macro avg,weighted avg,cohen
precision,0.8482472324723247,0.17796610169491525,0.7524813895781638,0.8489583333333334,0.5116156282998944,0.70662177328844,0.6278537370757263,0.7106809324145459,0.6075379438425368
recall,0.7643391521197007,0.14285714285714285,0.7652996845425868,0.8323404255319149,0.6168045830681095,0.70662177328844,0.624328197623891,0.70662177328844,0.6075379438425368
f1-score,0.8041101880192392,0.15849056603773584,0.7588364091335627,0.8405672539750751,0.5593073593073593,0.70662177328844,0.6242623552945944,0.7070405574691858,0.6075379438425368
support,2406.0,588.0,3170.0,1175.0,1571.0,0.70662177328844,8910.0,8910.0,0.6075379438425368
,0.0,1.0,2.0,3.0,4.0,accuracy,macro avg,weighted avg,cohen
precision,0.8465391621129326,0.1679790026246719,0.7609320140440472,0.8618538324420677,0.5019249278152069,0.7089786756453423,0.6278457878077852,0.7125591107546321,0.6108272280708562
recall,0.7726517040731504,0.10884353741496598,0.7520504731861198,0.8229787234042554,0.6639083386378103,0.7089786756453423,0.6240865553432604,0.7089786756453423,0.6108272280708562
f1-score,0.8079096045197739,0.13209494324045407,0.7564651753133429,0.8419677840661732,0.5716634694436833,0.7089786756453423,0.6220201953166855,0.7078442646034837,0.6108272280708562
support,2406.0,588.0,3170.0,1175.0,1571.0,0.7089786756453423,8910.0,8910.0,0.6108272280708562
,0.0,1.0,2.0,3.0,4.0,accuracy,macro avg,weighted avg,cohen
precision,0.8430311231393776,0.17478991596638654,0.7099918765231519,0.8625,0.5680933852140078,0.706060606060606,0.6316812601685846,0.7056897653884596,0.6022117535786391
recall,0.7768079800498753,0.17687074829931973,0.8271293375394322,0.8221276595744681,0.46467218332272436,0.706060606060606,0.613521581757164,0.706060606060606,0.6022117535786391
f1-score,0.808565866320571,0.1758241758241758,0.7640973335276119,0.841830065359477,0.5112044817927172,0.706060606060606,0.6203043845649105,0.702944467421794,0.6022117535786391
support,2406.0,588.0,3170.0,1175.0,1571.0,0.706060606060606,8910.0,8910.0,0.6022117535786391
,0.0,1.0,2.0,3.0,4.0,accuracy,macro avg,weighted avg,cohen
precision,0.8517832329782307,0.17747440273037543,0.7298235464275383,0.8462199312714777,0.5440414507772021,0.706060606060606,0.6298685128369649,0.7088982702515546,0.6051355531563347
recall,0.7643391521197007,0.17687074829931973,0.7958990536277603,0.8382978723404255,0.5346912794398472,0.706060606060606,0.6220196211654108,0.706060606060606,0.6051355531563347
f1-score,0.8056955093099671,0.17717206132879046,0.7614305115436849,0.8422402736212056,0.5393258426966292,0.706060606060606,0.6251728397000554,0.706321942697633,0.6051355531563347
support,2406.0,588.0,3170.0,1175.0,1571.0,0.706060606060606,8910.0,8910.0,0.6051355531563347
,0.0,1.0,2.0,3.0,4.0,accuracy,macro avg,weighted avg,cohen
precision,0.8303375712406839,0.18255578093306288,0.7484737484737485,0.8535309503051438,0.5294804436660829,0.7095398428731762,0.6288756989237443,0.7084746825884927,0.6103987604441712
recall,0.7871986699916874,0.15306122448979592,0.7735015772870663,0.8331914893617022,0.5773392743475493,0.7095398428731762,0.6248584470955602,0.7095398428731762,0.6103987604441712
f1-score,0.80819287390655,0.16651248843663274,0.7607818802358052,0.843238587424634,0.5523751522533495,0.7095398428731762,0.6262201964513943,0.7084945749249562,0.6103987604441712
support,2406.0,588.0,3170.0,1175.0,1571.0,0.7095398428731762,8910.0,8910.0,0.6103987604441712
,0.0,1.0,2.0,3.0,4.0,accuracy,macro avg,weighted avg,cohen
precision,0.8417749887942627,0.18892508143322476,0.7130674002751032,0.8652802893309223,0.5321888412017167,0.7130190796857464,0.628247320207046,0.7014136071027542,0.6102494026301977
recall,0.7805486284289277,0.09863945578231292,0.8176656151419558,0.814468085106383,0.5525143220878421,0.7130190796857464,0.6127672213094844,0.7130190796857464,0.6102494026301977
f1-score,0.8100064697002372,0.12960893854748604,0.7617927994121969,0.839105655414292,0.5421611492816989,0.7130190796857464,0.6165350024711822,0.7045626382418293,0.6102494026301977
support,2406.0,588.0,3170.0,1175.0,1571.0,0.7130190796857464,8910.0,8910.0,0.6102494026301977
,0.0,1.0,2.0,3.0,4.0,accuracy,macro avg,weighted avg,cohen
precision,0.8533086534012031,0.17798594847775176,0.734872844197603,0.8557607739665787,0.5249433106575964,0.7107744107744107,0.6293743061401466,0.7090312148539202,0.6107360900286134
recall,0.7664172901080631,0.1292517006802721,0.7930599369085174,0.8280851063829787,0.5894334818586887,0.7107744107744107,0.621249503187704,0.7107744107744107,0.6107360900286134
f1-score,0.8075322969126341,0.1497536945812808,0.7628584433318161,0.8416955017301038,0.5553223388305847,0.7107744107744107,0.6234324550772838,0.7082651799083243,0.6107360900286134
support,2406.0,588.0,3170.0,1175.0,1571.0,0.7107744107744107,8910.0,8910.0,0.6107360900286134
,0.0,1.0,2.0,3.0,4.0,accuracy,macro avg,weighted avg,cohen
precision,0.8272727272727273,0.1870824053452116,0.7248933143669986,0.8581497797356828,0.5469686875416389,0.7113355780022447,0.6288733828524518,0.7032489609452183,0.6098119079311848
recall,0.7942643391521197,0.14285714285714285,0.8037854889589905,0.828936170212766,0.5225970719287079,0.7113355780022447,0.6184880426219455,0.7113355780022447,0.6098119079311848
f1-score,0.8104325699745547,0.16200578592092574,0.762303664921466,0.8432900432900433,0.5345052083333333,0.7113355780022447,0.6225074544880647,0.706199356502671,0.6098119079311848
support,2406.0,588.0,3170.0,1175.0,1571.0,0.7113355780022447,8910.0,8910.0,0.6098119079311848
,0.0,1.0,2.0,3.0,4.0,accuracy,macro avg,weighted avg,cohen
precision,0.8272884283246977,0.1791044776119403,0.7323452484742807,0.8639212175470009,0.5473333333333333,0.7090909090909091,0.6299985410582506,0.7062033587354551,0.608057139529837
recall,0.7963424771404821,0.16326530612244897,0.7949526813880127,0.8212765957446808,0.5225970719287079,0.7090909090909091,0.6196868264648664,0.7090909090909091,0.608057139529837
f1-score,0.8115205421431596,0.1708185053380783,0.7623657540462865,0.8420593368237347,0.5346792575708239,0.7090909090909091,0.6242886791844166,0.706965205417914,0.608057139529837
support,2406.0,588.0,3170.0,1175.0,1571.0,0.7090909090909091,8910.0,8910.0,0.608057139529837
,0.0,1.0,2.0,3.0,4.0,accuracy,macro avg,weighted avg,cohen
precision,0.8506167199634537,0.17829457364341086,0.7077255537547271,0.8725939505041247,0.5538243626062322,0.7079685746352413,0.6326110320943897,0.7059783398915395,0.6042530901025446
recall,0.7738985868661679,0.1564625850340136,0.8264984227129337,0.8102127659574468,0.49777211966900065,0.7079685746352413,0.6129688960479125,0.7079685746352413,0.6042530901025446
f1-score,0.8104461371055495,0.16666666666666666,0.7625145518044237,0.8402471315092674,0.5243043915521287,0.7079685746352413,0.6208357757276072,0.7043857591187159,0.6042530901025446
support,2406.0,588.0,3170.0,1175.0,1571.0,0.7079685746352413,8910.0,8910.0,0.6042530901025446
,0.0,1.0,2.0,3.0,4.0,accuracy,macro avg,weighted avg,cohen
precision,0.8484710178000913,0.18620689655172415,0.7106267029972752,0.8609625668449198,0.5482573726541555,0.710662177328844,0.6309049113696331,0.7044378138028344,0.6077838295193791
recall,0.7726517040731504,0.1377551020408163,0.8227129337539432,0.8221276595744681,0.5206874602164226,0.710662177328844,0.6151869719317601,0.710662177328844,0.6077838295193791
f1-score,0.8087883402218837,0.15835777126099707,0.7625730994152048,0.8410970831519373,0.534116878876918,0.710662177328844,0.6209866345853882,0.7052528092750485,0.6077838295193791
support,2406.0,588.0,3170.0,1175.0,1571.0,0.710662177328844,8910.0,8910.0,0.6077838295193791
,0.0,1.0,2.0,3.0,4.0,accuracy,macro avg,weighted avg,cohen
precision,0.8267070008643043,0.17220543806646527,0.7364386792452831,0.8730450781968722,0.5223964165733482,0.712682379349046,0.6261585225892546,0.7038537813903702,0.6120177409487348
recall,0.7950955943474647,0.09693877551020408,0.78801261829653,0.8076595744680851,0.5938892425206874,0.712682379349046,0.6163191610285943,0.712682379349046,0.6120177409487348
f1-score,0.8105932203389832,0.12404787812840044,0.7613532459615971,0.839080459770115,0.5558534405719392,0.712682379349046,0.618185648954207,0.7066085887252255,0.6120177409487348
support,2406.0,588.0,3170.0,1175.0,1571.0,0.712682379349046,8910.0,8910.0,0.6120177409487348
,0.0,1.0,2.0,3.0,4.0,accuracy,macro avg,weighted avg,cohen
precision,0.8404494382022472,0.18222222222222223,0.7396572104018913,0.8594164456233422,0.5308139534883721,0.7115600448933782,0.6305118539876149,0.7090577347354577,0.6119642122574586
recall,0.7772236076475478,0.13945578231292516,0.7895899053627761,0.8272340425531914,0.5811584977721197,0.7115600448933782,0.6229323671297121,0.7115600448933782,0.6119642122574586
f1-score,0.8076009501187648,0.1579961464354528,0.7638083613060727,0.8430182133564614,0.5548465512002432,0.7115600448933782,0.6254540444833989,0.7092561681323758,0.6119642122574586
support,2406.0,588.0,3170.0,1175.0,1571.0,0.7115600448933782,8910.0,8910.0,0.6119642122574586
,0.0,1.0,2.0,3.0,4.0,accuracy,macro avg,weighted avg,cohen
precision,0.8167649536647009,0.18441558441558442,0.7200224655995507,0.8758109360518999,0.5453342157511581,0.7118967452300785,0.6284696310965788,0.7005434299562583,0.6091591065603325
recall,0.8059019118869493,0.12074829931972789,0.8088328075709779,0.8042553191489362,0.524506683640993,0.7118967452300785,0.6128490043135167,0.7118967452300785,0.6091591065603325
f1-score,0.8112970711297072,0.1459403905447071,0.7618481652057645,0.8385093167701863,0.5347177157689812,0.7118967452300785,0.6184625318838692,0.7046175494005248,0.6091591065603325
support,2406.0,588.0,3170.0,1175.0,1571.0,0.7118967452300785,8910.0,8910.0,0.6091591065603325
,0.0,1.0,2.0,3.0,4.0,accuracy,macro avg,weighted avg,cohen
precision,0.8316615787178369,0.18658280922431866,0.7107909758086437,0.8696444849589791,0.5608504398826979,0.7104377104377104,0.6319060577184953,0.7033472676111037,0.6070220847885436
recall,0.7926018287614297,0.15136054421768708,0.8249211356466877,0.8119148936170213,0.486950986632718,0.7104377104377104,0.6135498777751087,0.7104377104377104,0.6070220847885436
f1-score,0.8116620557565438,0.16713615023474176,0.7636151262958097,0.8397887323943661,0.5212947189097105,0.7104377104377104,0.6206993567182344,0.7045455305069052,0.6070220847885436
support,2406.0,588.0,3170.0,1175.0,1571.0,0.7104377104377104,8910.0,8910.0,0.6070220847885436
,0.0,1.0,2.0,3.0,4.0,accuracy,macro avg,weighted avg,cohen
precision,0.8260493292946777,0.18023255813953487,0.7384478672985783,0.8557607739665787,0.543312101910828,0.7094276094276094,0.6287605261220395,0.7063292246148344,0.6091500142637941
recall,0.7934330839567747,0.15816326530612246,0.7864353312302839,0.8280851063829787,0.5429662635264163,0.7094276094276094,0.6218166100805153,0.7094276094276094,0.6091500142637941
f1-score,0.8094127623489507,0.16847826086956522,0.7616865261228231,0.8416955017301038,0.5431391276663483,0.7094276094276094,0.6248824357475582,0.7074435909662103,0.6091500142637941
support,2406.0,588.0,3170.0,1175.0,1571.0,0.7094276094276094,8910.0,8910.0,0.6091500142637941
,0.0,1.0,2.0,3.0,4.0,accuracy,macro avg,weighted avg,cohen
precision,0.8357615894039735,0.193717277486911,0.7407407407407407,0.8732782369146006,0.5225125069483046,0.7135802469135802,0.6332020702989061,0.709300265792015,0.6140116321113087
recall,0.786783042394015,0.12585034013605442,0.7886435331230284,0.8093617021276596,0.5983450031826862,0.7135802469135802,0.6217967241926887,0.7135802469135802,0.6140116321113087
f1-score,0.8105330764290302,0.15257731958762888,0.7639419404125286,0.8401060070671378,0.5578635014836797,0.7135802469135802,0.6250043689960011,0.7098857593769063,0.6140116321113087
support,2406.0,588.0,3170.0,1175.0,1571.0,0.7135802469135802,8910.0,8910.0,0.6140116321113087
,0.0,1.0,2.0,3.0,4.0,accuracy,macro avg,weighted avg,cohen
precision,0.852141870105942,0.17377567140600317,0.7289156626506024,0.8622540250447227,0.5492676431424767,0.7059483726150393,0.6332709744699494,0.7114639766182286,0.6047948216375961
recall,0.7689110556940981,0.1870748299319728,0.8015772870662461,0.8204255319148936,0.5251432208784214,0.7059483726150393,0.6206263850971264,0.7059483726150393,0.6047948216375961
f1-score,0.8083897749617653,0.1801801801801802,0.7635216346153846,0.840819886611426,0.5369345916042955,0.7059483726150393,0.6259692135946102,0.707383045613187,0.6047948216375961
support,2406.0,588.0,3170.0,1175.0,1571.0,0.7059483726150393,8910.0,8910.0,0.6047948216375961
,0.0,1.0,2.0,3.0,4.0,accuracy,macro avg,weighted avg,cohen
precision,0.8342151675485009,0.1891891891891892,0.739001189060642,0.8498263888888888,0.5287958115183246,0.7118967452300785,0.6282055492411092,0.7059801271073968,0.6121682342204431
recall,0.7863674147963424,0.13095238095238096,0.7842271293375395,0.8331914893617022,0.5786123488224061,0.7118967452300785,0.6226701526540742,0.7118967452300785,0.6121682342204431
f1-score,0.8095849379546427,0.15477386934673368,0.7609427609427609,0.8414267296948862,0.5525835866261398,0.7118967452300785,0.6238623769130327,0.7079508608377619,0.6121682342204431
support,2406.0,588.0,3170.0,1175.0,1571.0,0.7118967452300785,8910.0,8910.0,0.6121682342204431
,0.0,1.0,2.0,3.0,4.0,accuracy,macro avg,weighted avg,cohen
precision,0.8410714285714286,0.18737270875763748,0.694279057727155,0.8655234657039711,0.5678807947019867,0.7074074074074074,0.6312254910924358,0.7007618881668256,0.6013294459168277
recall,0.7830423940149626,0.1564625850340136,0.8460567823343849,0.8161702127659575,0.43666454487587525,0.7074074074074074,0.6076793038050388,0.7074074074074074,0.6013294459168277
f1-score,0.8110202324580283,0.17052826691380907,0.7626901748898052,0.8401226456416995,0.49370277078085634,0.7074074074074074,0.6156128181368398,0.6994460511970528,0.6013294459168277
support,2406.0,588.0,3170.0,1175.0,1571.0,0.7074074074074074,8910.0,8910.0,0.6013294459168277
